date,Gangnam-gu,Gangdong-gu,Gangbuk-gu,Gangseo-gu,Gwanak-gu,Gwangjin-gu,Guro-gu,Geumcheon-gu,Nowon-gu,Dobong-gu,Dongdaemun-gu,Dongjak-gu,Mapo-gu,Seodaemun-gu,Seocho-gu,Seongdong-gu,Seongbuk-gu,Songpa-gu,Yangcheon-gu,Yeongdeungpo-gu,Yongsan-gu,Eunpyeong-gu,Jongno-gu,Jung-gu,Jungnang-gu
2016010101,100,82,79,100,103,98,87,96,76,71,99,77,78,83,106,102,81,86,0,110,71,65,84,77,80
2016010102,103,97,65,113,99,95,74,92,73,65,100,67,79,76,93,95,91,91,0,124,81,57,89,70,90
2016010103,89,88,68,107,116,101,76,88,75,68,89,46,79,80,99,99,78,77,0,108,80,76,81,75,86
2016010104,91,90,77,101,89,96,83,80,72,83,88,51,73,85,99,95,75,77,0,101,74,91,88,77,88
2016010105,87,80,79,78,87,95,65,73,75,79,84,55,75,89,86,80,81,73,0,109,71,83,86,83,80
2016010106,83,82,81,81,70,92,66,68,78,77,80,64,76,83,95,103,85,72,0,110,72,75,85,72,78
2016010107,93,72,72,84,72,89,71,74,76,68,78,69,75,109,92,95,72,63,0,102,72,70,84,72,74
2016010108,93,68,82,82,74,88,87,79,76,74,81,76,73,104,94,92,80,57,0,96,68,76,85,68,74
2016010109,89,67,80,76,78,91,77,80,79,76,76,78,74,97,94,90,77,57,0,105,72,75,86,83,78
2016010110,89,75,85,72,76,87,74,76,78,69,75,89,74,88,91,85,81,68,0,88,72,73,84,92,79
2016010111,86,70,0,70,76,100,79,82,81,76,75,75,78,90,86,89,91,83,0,94,82,67,89,92,72
2016010112,93,75,0,76,76,95,72,86,86,80,84,71,79,82,92,99,88,78,0,95,78,73,91,88,86
2016010113,97,87,89,88,71,95,66,75,83,68,99,65,74,81,95,87,80,80,0,87,70,62,86,80,83
2016010114,89,95,80,77,59,85,55,55,70,61,80,53,54,70,87,66,71,63,0,93,51,42,65,52,81
2016010115,73,81,68,48,44,67,32,46,53,72,56,46,47,49,64,51,54,44,59,72,51,45,52,52,61
2016010116,44,62,0,33,45,70,33,48,52,62,55,31,47,36,46,68,65,41,44,43,45,56,50,40,58
2016010117,28,68,53,28,46,74,27,50,52,54,38,45,35,36,53,56,43,48,46,47,38,47,43,28,52
2016010118,42,67,47,33,47,77,32,47,50,40,32,37,36,37,57,53,32,52,44,41,43,44,42,32,42
2016010119,49,71,0,37,53,78,31,45,48,54,46,39,40,41,59,67,48,49,55,60,40,48,49,43,43
2016010120,52,72,0,47,46,82,31,44,57,60,42,39,40,52,45,55,70,57,54,65,36,41,44,36,44
2016010121,59,79,0,40,42,83,37,40,60,62,36,35,37,69,54,70,67,64,46,56,37,42,41,35,40
2016010122,47,76,0,41,37,79,34,35,61,64,33,25,33,41,44,56,64,65,53,38,36,31,41,44,34
2016010123,41,75,0,32,35,70,29,35,64,57,36,41,28,39,45,48,63,45,40,40,32,30,40,38,31
2016010124,42,57,0,33,31,61,28,35,62,61,30,25,28,34,42,52,61,34,35,45,32,30,36,37,48
2016010201,38,40,77,41,42,52,36,37,58,55,62,25,29,40,42,47,79,31,35,54,33,35,38,34,42
2016010202,39,47,73,40,50,44,30,36,54,68,74,42,30,32,35,46,69,30,37,38,28,33,37,32,37
2016010203,34,36,68,33,43,45,28,36,48,66,65,33,30,35,37,36,56,25,36,42,28,38,44,34,36
2016010204,36,34,60,33,39,41,29,35,45,56,57,29,30,37,34,36,49,25,36,43,31,33,49,43,36
2016010205,37,32,55,35,37,36,25,38,42,54,48,33,33,35,33,41,45,23,39,48,32,35,48,40,35
2016010206,35,34,0,33,36,40,30,39,44,45,43,40,33,39,40,32,39,24,38,47,29,38,45,36,42
2016010207,36,42,0,35,37,46,26,42,43,43,40,34,33,38,33,33,37,26,40,48,27,31,45,33,39
2016010208,35,49,0,36,40,44,30,41,43,43,36,36,34,34,37,43,38,26,46,36,30,36,40,34,32
2016010209,38,59,0,37,47,53,32,43,44,38,38,46,40,43,40,38,46,31,54,45,31,32,43,32,57
2016010210,40,59,55,35,49,59,40,46,46,43,51,52,43,39,40,44,57,36,74,43,37,32,46,37,56
2016010211,47,66,0,45,54,66,46,47,44,40,52,43,45,42,49,46,55,51,77,53,42,42,48,43,55
2016010212,46,57,0,48,49,63,40,52,53,47,53,44,47,47,49,59,53,45,76,47,47,39,50,44,52
2016010213,51,48,0,48,55,59,39,58,55,49,50,51,48,53,51,57,56,40,71,60,48,39,56,55,48
2016010214,56,48,0,48,60,64,43,60,56,52,53,58,52,55,61,58,52,45,64,48,53,53,61,54,52
2016010215,55,59,0,54,57,71,40,65,55,51,56,58,53,70,49,65,60,46,64,60,54,49,64,52,55
2016010216,53,59,0,46,60,66,45,69,56,53,65,62,54,62,57,44,55,45,60,75,55,54,63,52,57
2016010217,59,75,0,56,58,70,39,65,59,59,51,54,54,62,61,0,52,42,66,86,54,60,62,53,61
2016010218,57,68,0,61,63,65,47,60,63,54,50,58,53,82,74,0,48,48,68,77,56,62,62,52,60
2016010219,57,54,0,0,64,65,42,65,60,55,53,58,64,83,72,0,53,46,66,77,55,61,60,46,56
2016010220,71,68,0,0,67,67,50,66,57,70,62,58,64,73,73,0,50,45,70,88,55,49,64,62,48
2016010221,83,78,0,0,74,65,52,63,59,69,69,60,56,78,75,0,69,64,70,98,54,53,62,77,68
2016010222,71,73,0,0,84,69,64,62,62,63,64,63,56,85,81,0,66,67,76,92,51,50,59,63,65
2016010223,67,77,0,0,68,75,64,60,55,59,60,54,54,76,68,0,61,59,80,89,51,62,56,62,67
2016010224,67,75,0,0,70,77,57,63,57,55,59,58,55,70,69,0,55,53,76,84,51,65,58,60,69
2016010301,63,85,73,0,68,74,57,60,60,54,60,60,55,63,63,0,57,55,80,77,51,70,61,57,70
2016010302,60,89,0,0,59,71,50,57,64,64,69,60,52,61,56,0,63,60,82,71,47,57,59,53,70
2016010303,64,75,0,0,67,71,56,58,67,71,62,50,65,67,67,0,53,59,83,69,49,65,63,50,73
2016010304,60,74,0,0,61,73,49,60,62,68,64,50,66,62,60,0,55,60,82,68,55,62,63,55,65
2016010305,63,66,71,0,76,75,46,61,58,57,63,64,63,60,62,0,53,48,94,62,53,53,66,48,56
2016010306,63,64,74,0,75,74,45,65,58,56,65,59,63,67,66,0,51,47,98,65,60,58,69,54,56
2016010307,70,62,65,0,79,78,56,70,59,52,62,60,65,77,68,0,55,54,96,69,65,60,74,59,58
2016010308,73,57,77,0,76,79,52,68,56,55,64,85,75,79,88,0,56,41,108,93,67,66,81,68,57
2016010309,68,65,75,0,77,84,60,79,60,57,68,97,81,79,86,0,58,53,111,122,71,73,78,69,60
2016010310,69,64,86,0,84,87,56,86,66,58,65,74,83,89,101,0,59,51,110,109,70,79,78,74,64
2016010311,82,68,0,0,86,96,69,91,73,66,71,91,78,112,119,0,59,60,106,110,81,78,89,66,73
2016010312,111,81,0,0,99,103,65,96,82,77,88,102,85,110,122,0,84,57,107,109,84,96,95,70,83
2016010313,113,82,0,0,97,104,99,101,90,90,87,93,86,111,117,0,86,65,120,112,88,88,95,93,94
2016010314,110,89,0,0,97,119,100,100,96,86,88,89,87,104,122,0,89,86,118,101,96,93,106,99,91
2016010315,102,121,0,0,102,123,94,103,94,91,109,97,97,114,116,0,93,110,118,116,100,124,111,107,117
2016010316,112,119,0,0,104,130,101,109,105,121,130,103,101,124,123,0,102,100,127,135,103,136,115,106,124
2016010317,112,115,0,0,104,136,97,117,112,130,127,110,102,136,122,0,105,98,121,157,105,129,119,110,119
2016010318,119,126,0,0,113,140,95,121,118,123,120,116,102,151,140,0,104,90,120,160,112,129,126,108,123
2016010319,117,124,0,0,127,146,92,121,124,115,121,120,100,138,155,0,111,78,122,137,103,120,127,102,114
2016010320,142,128,0,0,129,154,105,127,127,87,112,125,116,151,149,0,113,101,150,153,103,105,121,101,115
2016010321,167,127,0,0,134,154,130,131,120,104,128,129,124,191,178,0,111,121,155,200,129,127,137,128,122
2016010322,174,145,139,0,131,165,153,135,109,104,138,122,125,172,193,0,102,132,158,193,116,136,139,133,132
2016010323,162,156,137,0,132,166,135,140,112,101,149,145,125,160,186,0,99,105,164,177,119,153,139,130,138
2016010324,152,144,136,0,117,153,130,152,116,112,148,154,126,148,183,0,98,101,164,182,124,147,138,120,144
2016010401,148,139,155,0,113,161,128,148,120,138,151,151,134,162,179,0,121,107,164,179,124,157,146,128,145
2016010402,167,167,181,0,151,188,141,153,136,167,184,156,140,181,198,0,144,114,173,198,135,179,163,146,164
2016010403,182,171,187,0,133,187,139,161,143,163,171,154,141,203,215,0,152,129,177,213,139,171,166,139,172
2016010404,194,166,174,0,130,189,181,165,146,153,171,154,140,190,199,0,143,127,179,187,138,166,168,136,168
2016010405,166,157,163,0,125,175,177,167,147,140,151,149,138,173,167,0,134,122,176,188,132,158,155,153,148
2016010406,170,142,146,0,116,163,157,158,136,120,153,145,141,176,173,0,136,152,165,161,133,151,154,147,147
2016010407,144,140,117,0,126,126,150,145,120,101,122,133,135,143,181,0,116,118,154,181,110,126,130,124,122
2016010408,107,127,109,0,102,111,122,130,104,96,109,86,112,146,155,0,86,78,141,150,88,131,110,100,113
2016010409,99,112,101,0,103,115,124,111,105,107,105,100,105,143,141,0,84,76,129,134,92,121,112,94,104
2016010410,114,102,80,0,87,106,107,96,101,80,97,79,104,136,134,0,66,76,113,116,95,120,112,98,85
2016010411,103,83,56,0,67,78,84,83,68,63,78,61,93,100,100,0,48,58,82,80,73,106,96,77,49
2016010412,66,58,58,0,48,0,46,69,60,56,61,28,63,50,0,0,42,52,61,42,51,60,71,52,50
2016010413,42,40,46,0,49,0,42,61,44,36,38,34,43,31,0,57,28,42,52,41,34,35,51,21,40
2016010414,27,23,35,0,44,26,36,55,36,31,30,27,32,29,0,37,25,24,46,0,30,33,0,21,0
2016010415,25,26,34,0,31,27,27,35,28,23,29,15,26,18,0,31,26,19,34,35,25,22,0,27,0
2016010416,18,25,24,0,25,20,18,0,30,17,24,23,22,24,0,30,31,14,25,27,21,22,19,19,24
2016010417,31,16,33,22,26,26,19,0,26,22,25,15,27,29,0,35,28,18,27,28,21,25,27,24,33
2016010418,29,28,30,15,30,31,25,14,30,22,26,32,28,33,47,32,26,21,34,35,27,35,28,29,36
2016010419,34,25,27,37,32,30,26,28,32,19,22,31,29,28,43,38,17,23,35,52,28,30,29,27,36
2016010420,27,22,23,27,32,28,27,29,26,18,22,31,29,30,34,37,18,23,32,45,22,30,25,28,33
2016010421,28,25,23,23,34,26,25,26,24,21,23,16,28,25,47,21,17,25,26,40,22,28,24,20,26
2016010422,30,18,22,22,24,21,22,20,21,15,15,14,23,30,24,33,19,23,21,25,22,23,23,25,26
2016010423,25,16,20,30,23,18,17,20,19,11,13,24,18,25,29,23,10,19,22,30,16,20,17,19,19
2016010424,20,10,22,21,25,14,16,16,19,11,9,16,16,23,18,21,9,14,19,23,14,18,17,17,15
2016010501,15,13,21,18,27,16,19,16,15,9,10,30,19,26,25,19,16,13,19,27,16,29,16,19,19
2016010502,21,17,21,28,29,20,25,23,19,18,16,14,19,23,30,24,22,14,28,25,19,27,21,24,21
2016010503,28,19,26,28,28,22,20,25,21,18,24,30,22,28,29,29,19,18,29,30,19,25,21,23,22
2016010504,24,22,24,31,28,25,27,24,24,19,21,26,22,33,24,25,23,17,30,31,20,23,24,25,28
2016010505,24,20,20,25,26,25,19,24,25,28,22,25,21,25,29,24,21,22,25,19,18,26,23,24,26
2016010506,25,26,20,20,27,24,25,22,24,17,18,22,21,28,33,26,19,26,22,26,21,24,24,25,27
2016010507,29,29,33,24,24,27,14,24,26,27,24,24,21,29,31,31,27,25,25,31,22,29,25,21,30
2016010508,26,31,30,23,26,28,25,24,23,21,26,23,21,26,0,34,24,25,26,30,24,26,24,28,31
2016010509,27,35,26,31,28,24,27,25,22,22,22,27,20,26,0,26,21,24,34,29,21,29,23,22,27
2016010510,20,27,21,38,27,21,24,24,22,17,20,27,20,27,0,26,16,23,31,26,21,21,19,24,26
2016010511,24,27,22,35,26,19,21,24,18,14,14,29,20,30,0,22,18,19,38,23,18,23,18,22,24
2016010512,23,21,29,33,33,17,37,32,19,20,19,25,19,0,0,25,21,19,35,39,28,31,26,25,23
2016010513,30,26,33,32,31,24,26,34,20,25,31,31,23,33,0,34,24,22,38,39,28,32,29,28,32
2016010514,28,25,23,33,31,24,32,30,20,19,29,18,24,33,0,28,0,25,34,32,29,30,27,29,32
2016010515,35,27,27,41,34,27,29,33,22,30,30,24,0,35,0,32,0,23,39,47,27,29,30,32,27
2016010516,38,28,40,39,39,35,36,37,25,36,45,43,0,47,0,44,0,32,43,46,33,39,33,31,25
2016010517,49,46,38,43,39,39,37,39,30,35,50,27,38,51,0,53,0,35,45,50,34,43,37,34,30
2016010518,54,40,44,52,39,46,40,44,35,35,43,36,36,53,0,49,50,37,46,48,35,45,36,45,42
2016010519,44,43,41,50,41,40,36,41,36,41,42,48,33,54,0,47,39,38,44,51,36,43,39,38,46
2016010520,44,41,42,53,43,41,39,42,35,36,36,34,34,49,55,49,42,40,49,62,34,50,41,34,44
2016010521,42,38,42,55,47,37,47,40,35,37,37,23,39,42,60,56,43,37,46,68,36,46,38,43,42
2016010522,50,37,32,63,43,35,51,42,32,32,34,49,34,57,52,45,40,35,51,64,29,51,39,43,43
2016010523,45,38,39,68,40,37,44,43,33,33,34,39,34,46,51,48,35,36,50,59,30,45,38,43,43
2016010524,44,37,40,48,38,37,32,43,34,36,34,37,31,51,50,44,38,38,49,50,28,40,37,43,39
2016010601,43,51,38,55,37,39,36,43,36,38,38,33,30,42,50,44,28,40,45,48,28,34,35,0,39
2016010602,46,56,40,60,38,42,33,43,36,44,45,42,31,44,46,41,45,50,41,45,26,44,36,0,42
2016010603,45,50,43,61,34,53,29,40,38,43,40,28,32,39,47,46,43,41,44,44,30,39,37,0,47
2016010604,52,54,46,58,38,49,31,38,38,52,40,35,28,39,42,43,43,47,45,45,29,35,37,0,45
2016010605,42,47,53,41,40,44,30,40,41,45,42,36,31,36,46,47,41,44,40,41,30,32,39,0,45
2016010606,44,44,48,62,38,47,39,41,43,41,38,36,32,43,47,36,51,45,42,46,33,32,37,0,46
2016010607,49,57,48,59,39,57,42,40,45,41,43,48,36,37,45,44,45,47,48,51,36,35,35,0,44
2016010608,57,51,50,45,43,59,38,41,45,42,40,40,38,46,50,56,41,46,51,46,39,33,40,0,63
2016010609,55,69,58,51,42,66,41,50,47,39,49,33,42,43,57,59,53,58,57,49,39,43,46,0,64
2016010610,45,85,60,47,43,69,40,48,47,50,53,51,41,52,49,54,76,78,60,43,33,48,52,0,77
2016010611,63,105,74,55,49,76,49,50,47,57,71,53,52,52,61,55,90,74,61,56,47,45,59,0,84
2016010612,80,78,60,76,58,71,47,57,47,53,73,64,49,51,89,78,81,0,74,65,64,48,68,0,74
2016010613,83,70,67,95,61,75,58,68,55,53,76,66,55,62,86,80,73,0,81,70,56,50,65,62,66
2016010614,69,0,66,86,82,70,69,79,59,56,61,68,56,61,93,77,44,64,83,93,51,60,50,68,71
2016010615,69,97,48,56,63,63,62,75,59,43,0,67,56,72,109,82,50,67,68,79,57,61,58,67,62
2016010616,84,83,55,55,59,72,41,62,46,43,78,53,48,83,87,85,71,78,60,58,52,63,63,68,62
2016010617,68,82,61,57,57,60,59,62,49,53,62,56,47,73,90,70,75,63,63,77,51,63,55,59,72
2016010618,66,72,62,60,54,61,62,60,0,58,66,51,47,72,84,68,64,60,62,72,53,68,56,56,82
2016010619,67,70,58,68,55,61,54,59,47,51,74,48,49,72,78,72,63,56,63,75,49,61,59,61,74
2016010620,60,66,60,69,55,55,57,55,48,42,63,53,45,61,68,61,50,52,63,76,43,53,53,50,54
2016010621,69,58,54,76,57,53,67,54,46,45,59,53,45,69,68,55,51,60,66,87,46,59,50,61,57
2016010622,63,58,50,75,56,56,62,56,44,55,60,36,46,71,83,72,51,61,66,82,45,70,52,66,54
2016010623,71,54,60,82,57,55,64,58,47,55,63,61,49,72,75,68,75,60,70,81,54,68,56,67,58
2016010624,69,63,56,66,61,58,62,57,51,62,63,59,53,79,76,79,61,55,67,86,50,68,57,69,60
2016010701,67,66,58,60,50,54,59,59,51,62,62,57,44,67,72,75,76,60,60,77,45,74,54,62,68
2016010702,52,64,52,65,50,50,50,57,49,63,59,42,36,53,66,52,62,51,59,69,33,65,46,49,67
2016010703,48,61,57,47,45,45,41,48,50,52,50,30,36,51,49,49,59,40,50,53,35,50,42,48,65
2016010704,41,52,42,47,42,41,38,40,54,45,46,39,35,50,52,50,42,39,50,47,36,41,39,45,57
2016010705,47,45,35,49,36,38,29,37,42,36,44,36,35,46,46,46,39,37,46,47,37,43,39,45,45
2016010706,45,45,36,49,36,41,33,37,41,36,40,37,34,43,49,44,40,34,46,47,36,46,40,42,42
2016010707,45,56,35,46,40,39,29,37,42,33,43,30,36,40,50,47,33,39,44,46,36,42,36,39,41
2016010708,40,66,36,54,37,41,38,38,41,31,36,39,36,42,59,45,38,35,52,55,35,33,38,44,49
2016010709,43,75,36,68,43,38,40,39,40,39,38,40,32,38,65,38,34,34,60,47,32,42,35,38,48
2016010710,37,73,43,64,39,33,38,38,43,36,26,30,29,39,57,34,35,40,56,35,31,38,32,31,48
2016010711,36,59,33,55,42,36,45,41,34,0,43,29,32,45,67,33,39,35,57,42,34,35,31,44,44
2016010712,27,38,32,50,46,32,39,41,35,0,35,46,39,40,0,34,40,42,51,54,39,43,33,35,49
2016010713,43,34,32,46,44,35,37,44,30,32,41,0,35,49,64,44,34,38,47,51,39,38,36,36,42
2016010714,37,46,0,40,35,39,27,37,34,32,47,0,28,55,0,46,41,43,0,35,32,35,36,38,46
2016010715,32,43,0,29,31,33,26,31,35,31,38,0,21,32,0,43,31,34,0,44,30,25,31,35,41
2016010716,24,38,32,46,35,30,26,36,0,28,44,0,23,40,0,34,33,27,26,43,25,32,35,21,35
2016010717,41,31,21,42,38,31,30,41,0,29,42,22,34,43,0,50,27,26,40,56,31,31,38,28,31
2016010718,52,38,24,39,38,40,37,41,31,26,39,32,29,48,0,46,35,31,33,49,29,44,38,31,34
2016010719,38,42,31,38,35,37,37,35,27,23,34,26,26,40,40,42,37,32,32,38,27,40,38,35,36
2016010720,34,37,30,36,36,35,31,30,25,29,30,36,26,33,33,34,27,28,29,39,21,34,36,37,33
2016010721,32,37,25,37,36,31,32,30,22,23,27,25,26,41,35,32,32,30,33,46,26,35,33,40,29
2016010722,38,32,31,45,36,31,34,29,23,22,30,32,23,40,41,38,20,30,34,49,24,34,32,42,24
2016010723,35,32,24,38,32,32,29,27,20,22,25,25,24,31,39,36,26,30,29,46,23,36,31,36,23
2016010724,28,31,16,30,31,29,31,27,18,16,22,21,20,35,31,31,23,26,27,35,19,27,28,28,20
2016010801,25,25,19,23,34,25,22,25,23,24,22,16,21,25,30,30,0,21,27,35,16,38,29,29,20
2016010802,26,28,24,30,28,26,22,25,22,27,22,24,18,26,27,26,21,20,26,30,18,30,26,22,25
2016010803,22,22,16,22,33,20,19,26,19,19,17,29,18,25,25,20,18,20,24,33,16,22,23,26,20
2016010804,19,32,19,29,25,19,20,22,19,20,20,12,18,25,23,23,22,19,24,25,14,23,21,21,20
2016010805,19,27,21,29,21,21,20,21,21,22,20,24,20,23,23,19,22,21,28,31,18,22,22,22,25
2016010806,27,34,26,29,23,27,19,20,24,26,24,21,17,23,29,25,29,29,25,25,19,19,24,23,23
2016010807,29,37,29,21,27,32,15,23,24,25,34,24,17,20,28,29,28,31,24,27,17,28,28,23,22
2016010808,35,43,27,26,28,33,29,27,29,26,33,25,21,26,32,34,31,30,32,28,16,40,30,24,34
2016010809,44,59,40,50,34,38,25,33,31,33,35,27,23,33,36,39,41,0,32,32,23,35,26,27,33
2016010810,40,0,48,49,30,41,39,33,35,47,47,25,20,24,49,36,44,0,34,24,24,34,22,30,46
2016010811,26,0,38,42,37,48,35,32,32,39,50,45,25,37,57,28,41,0,46,34,24,28,28,31,39
2016010812,24,44,24,32,35,40,40,38,0,27,39,44,33,35,0,33,34,46,44,40,32,34,32,32,42
2016010813,37,30,38,40,38,35,39,37,0,31,44,26,32,43,0,40,36,33,44,45,32,38,34,36,36
2016010814,39,32,27,33,0,37,34,37,0,36,47,34,27,40,0,42,36,35,41,42,29,38,35,36,42
2016010815,33,37,37,31,0,39,31,33,38,33,39,13,28,27,0,37,36,36,40,32,30,28,34,37,40
2016010816,33,33,26,0,0,45,24,36,39,33,45,30,26,39,0,39,38,26,40,43,26,37,35,31,32
2016010817,42,37,33,0,35,35,33,36,33,29,49,50,26,38,0,43,36,31,39,43,23,40,56,30,36
2016010818,40,40,37,41,38,40,35,39,34,35,48,18,31,38,0,40,38,30,42,48,23,39,38,31,38
2016010819,36,35,33,49,38,38,38,36,33,29,39,41,32,47,50,33,29,29,41,40,29,42,39,36,35
2016010820,41,40,35,43,60,43,40,39,38,33,35,25,31,39,47,45,37,33,40,54,28,52,48,35,37
2016010821,34,40,37,40,61,41,42,42,38,39,41,51,31,42,38,46,43,36,42,55,30,60,47,46,40
2016010822,41,42,48,45,43,41,37,40,43,34,34,23,30,51,47,48,36,36,39,54,27,39,46,49,39
2016010823,41,40,50,62,38,44,31,42,40,33,39,32,34,48,42,47,48,41,36,52,29,43,42,45,39
2016010824,43,54,40,61,38,45,35,39,39,30,36,30,31,49,45,46,42,50,41,51,29,39,42,43,39
2016010901,40,68,43,51,39,37,37,34,42,27,43,38,38,49,44,40,52,50,44,50,32,41,41,43,43
2016010902,43,54,35,55,39,40,31,31,40,36,42,25,36,49,44,45,46,31,44,53,39,48,42,48,38
2016010903,43,37,34,47,43,39,35,33,41,32,38,31,33,44,52,53,31,37,48,66,30,42,39,38,41
2016010904,36,63,35,52,40,35,37,37,37,42,38,33,32,47,48,35,33,29,49,50,28,54,38,41,37
2016010905,33,55,41,49,41,32,39,40,37,47,45,35,35,42,46,40,39,32,44,44,32,42,43,41,41
2016010906,40,52,32,40,36,37,30,33,42,37,40,30,35,51,43,39,37,29,39,44,27,36,40,42,44
2016010907,35,48,40,45,34,41,29,30,44,39,34,28,30,45,43,38,31,28,40,42,33,null,38,37,40
2016010908,38,47,41,43,33,40,31,33,53,47,36,40,30,38,50,38,37,36,41,41,33,null,40,34,39
2016010909,36,65,61,40,34,50,32,35,58,51,35,32,31,36,72,53,47,70,41,41,26,null,35,36,53
2016010910,37,65,65,33,28,63,30,35,55,56,42,34,26,28,58,33,55,72,36,23,25,null,31,29,45
2016010911,33,54,42,35,40,56,34,38,47,58,48,38,29,44,45,39,62,46,45,32,33,null,32,39,37
2016010912,25,49,36,44,39,46,30,38,40,29,40,28,27,32,52,31,48,44,48,35,33,null,31,27,46
2016010913,34,30,25,35,42,38,33,45,32,27,37,38,28,37,49,35,34,29,47,39,33,null,36,26,38
2016010914,36,36,31,23,38,40,26,39,30,31,39,33,26,35,0,38,33,35,37,37,30,null,35,30,44
2016010915,36,35,30,31,39,36,33,39,32,32,32,29,24,25,0,29,30,28,37,35,31,null,29,32,36
2016010916,45,37,30,21,42,38,25,36,27,26,40,37,24,41,0,36,30,31,36,41,24,null,31,26,35
2016010917,34,41,31,42,40,34,27,33,33,28,34,23,24,26,0,41,29,27,31,47,21,0,31,24,34
2016010918,29,29,31,41,37,33,31,36,25,23,26,35,25,35,0,41,25,27,33,44,25,0,29,27,30
2016010919,34,28,25,43,36,32,25,36,24,25,33,17,24,40,41,34,30,22,29,45,24,0,30,26,28
2016010920,29,32,29,33,44,33,27,33,25,22,30,37,27,35,32,38,28,24,30,40,24,0,34,29,32
2016010921,31,29,24,36,65,34,32,34,23,17,27,41,25,29,34,42,22,18,33,39,27,0,31,28,25
2016010922,38,31,24,53,47,33,38,31,27,24,27,33,26,36,43,44,28,31,36,51,26,0,36,42,35
2016010923,27,37,30,43,41,31,32,28,29,23,29,9,24,39,31,34,42,28,36,42,28,16,33,36,28
2016010924,26,34,32,36,34,30,30,26,27,25,36,19,22,42,25,31,34,25,34,35,20,12,31,32,30
2016011001,27,31,27,38,34,24,23,26,27,32,28,36,26,31,27,33,38,23,31,30,20,43,29,29,33
2016011002,26,27,29,26,32,26,28,31,29,25,33,23,27,33,30,27,36,17,34,33,24,31,29,27,33
2016011003,24,27,40,36,40,28,27,34,28,24,32,32,29,35,29,29,28,22,49,40,26,27,31,32,32
2016011004,24,28,38,33,36,31,33,31,30,27,34,47,32,37,28,37,35,26,52,51,25,38,34,33,33
2016011005,31,35,35,47,37,30,28,32,34,32,34,12,33,41,32,30,31,25,53,40,29,40,36,31,33
2016011006,36,36,38,33,41,37,27,35,37,33,38,33,31,34,34,36,34,29,42,30,28,38,38,33,37
2016011007,35,36,45,39,39,36,31,39,40,34,40,34,36,38,38,34,37,24,46,40,33,36,44,35,38
2016011008,39,36,48,37,49,41,31,44,41,43,46,0,39,45,45,42,44,32,54,46,41,42,47,38,44
2016011009,46,49,48,41,45,49,39,44,45,39,43,40,33,36,0,45,41,35,48,46,40,36,47,34,46
2016011010,46,48,44,44,44,50,39,43,38,36,40,43,41,43,0,40,41,38,51,43,46,40,44,45,42
2016011011,48,53,44,47,48,49,44,49,40,45,38,43,39,49,0,45,40,42,57,52,44,44,46,45,42
2016011012,33,37,33,47,40,40,37,41,29,34,29,38,29,28,51,40,36,44,49,42,29,29,34,31,30
2016011013,25,32,23,31,37,36,28,34,23,25,37,31,26,28,34,29,38,27,41,34,26,22,29,11,32
2016011014,27,28,23,19,29,34,15,27,21,19,30,16,20,27,41,20,27,26,28,24,27,23,22,27,25
2016011015,21,22,30,22,27,30,15,22,24,20,27,19,19,11,47,29,26,20,27,24,22,12,25,28,22
2016011016,23,24,24,25,34,28,19,26,23,21,30,19,23,38,48,29,30,22,33,31,23,33,27,18,21
2016011017,28,28,25,30,34,29,23,29,25,24,27,22,28,31,46,37,32,22,32,40,24,31,28,23,23
2016011018,30,32,24,31,35,30,24,29,30,30,32,18,25,28,47,34,33,21,27,27,21,32,28,24,29
2016011019,30,28,28,29,37,28,21,25,26,18,21,18,23,30,34,29,19,24,27,32,23,31,26,25,27
2016011020,25,25,32,35,42,32,22,25,25,21,27,37,28,27,38,28,33,20,32,44,21,30,27,25,25
2016011021,34,24,26,22,38,29,24,31,27,23,24,26,24,27,44,42,16,26,32,49,22,36,27,30,23
2016011022,32,25,19,38,33,28,32,32,23,17,16,32,26,37,35,30,26,26,35,43,23,27,25,31,27
2016011023,28,23,28,43,32,28,29,29,25,22,20,23,26,34,42,29,22,25,35,40,24,26,27,29,19
2016011024,26,29,19,43,39,30,31,32,25,16,17,33,28,38,41,27,19,23,40,43,21,31,25,31,27
2016011101,27,16,11,34,38,25,34,33,19,10,10,28,25,34,33,28,22,23,37,41,20,26,23,29,28
2016011102,28,19,21,27,24,20,26,28,22,16,20,25,19,23,29,25,12,9,28,28,17,32,21,28,13
2016011103,24,15,25,27,28,21,15,26,22,24,21,21,23,29,25,31,23,20,28,31,21,28,24,27,20
2016011104,29,20,28,29,34,27,29,28,26,25,29,30,25,33,38,33,30,24,31,36,23,26,30,28,30
2016011105,30,27,29,36,38,31,25,29,27,30,28,29,25,37,35,29,29,26,33,38,25,32,30,33,34
2016011106,36,36,26,36,37,36,25,30,30,24,34,21,27,30,34,45,33,25,36,39,26,34,34,34,32
2016011107,37,38,32,47,32,37,31,34,32,34,39,33,30,41,43,47,37,37,40,38,28,33,37,34,38
2016011108,40,46,27,45,37,46,32,37,39,33,39,30,30,40,53,46,38,45,43,41,36,45,40,41,40
2016011109,44,61,40,50,46,47,38,42,42,40,43,42,34,44,63,47,43,49,51,52,35,45,43,43,41
2016011110,49,76,44,52,51,55,41,46,33,42,36,46,35,41,67,48,47,54,56,42,34,38,38,46,36
2016011111,47,59,42,59,50,54,48,51,27,49,53,45,32,51,66,42,43,50,68,0,42,43,39,52,54
2016011112,30,51,33,39,56,48,45,49,32,34,42,35,33,43,74,44,42,47,54,0,36,33,36,36,44
2016011113,43,41,34,40,50,52,37,42,36,36,42,44,33,36,61,39,48,46,47,0,36,38,36,29,42
2016011114,41,42,35,40,45,47,33,37,34,39,44,0,34,35,55,39,35,45,50,0,40,49,40,35,53
2016011115,42,45,29,33,45,47,37,35,33,32,41,40,35,34,0,41,37,40,46,0,0,0,38,35,43
2016011116,45,43,31,38,46,47,32,34,28,31,40,27,36,51,0,43,35,38,44,54,0,0,37,35,33
2016011117,49,48,28,44,47,48,34,40,30,30,48,24,37,52,0,57,32,38,50,48,38,49,42,40,30
2016011118,51,45,42,50,47,51,42,46,33,36,53,43,36,53,0,55,41,43,45,54,40,49,45,46,41
2016011119,44,40,38,51,43,49,30,40,38,39,39,41,29,35,0,57,37,38,41,54,33,40,42,40,41
2016011120,43,43,36,52,46,44,33,38,38,35,38,42,31,36,55,51,42,41,41,55,29,43,43,44,42
2016011121,47,46,45,53,44,44,29,40,40,43,43,35,35,68,57,55,39,41,46,62,36,45,44,39,44
2016011122,58,45,43,57,50,49,52,44,39,40,43,40,36,60,60,55,56,58,52,66,39,52,49,57,47
2016011123,57,45,48,58,45,47,46,45,43,41,42,47,37,62,61,60,52,46,50,67,42,53,50,74,47
2016011124,61,57,46,52,55,51,45,48,51,44,43,29,40,60,62,53,48,49,51,68,45,51,52,63,49
2016011201,61,66,48,52,51,54,49,49,54,57,49,47,44,68,61,59,54,54,50,57,44,58,54,64,63
2016011202,63,70,53,50,52,60,42,47,53,64,68,43,45,66,64,65,64,50,49,65,39,63,49,58,64
2016011203,64,68,54,52,50,59,39,47,53,63,59,55,45,64,65,63,64,58,50,66,44,49,54,55,61
2016011204,65,76,60,57,51,60,53,47,50,64,67,39,46,56,68,64,67,61,57,69,39,47,51,57,69
2016011205,68,69,59,61,55,62,44,46,54,69,66,46,46,61,72,66,60,61,58,64,43,49,53,53,59
2016011206,60,67,52,67,49,62,43,49,56,60,64,49,44,57,67,67,64,64,57,59,37,43,52,52,63
2016011207,63,76,58,61,49,69,52,53,63,64,68,43,40,58,71,64,67,65,64,58,40,49,52,52,62
2016011208,60,79,57,68,55,77,48,59,69,66,57,36,41,50,68,65,71,76,65,68,42,51,53,50,68
2016011209,59,94,58,66,55,83,50,61,77,66,52,41,46,61,74,61,79,92,66,72,45,56,53,59,69
2016011210,62,94,60,53,53,89,46,61,70,66,50,52,43,50,77,56,70,112,61,65,52,57,55,52,65
2016011211,64,87,56,54,48,82,36,44,60,58,67,39,47,59,94,74,56,92,60,75,52,49,55,57,77
2016011212,49,75,48,50,40,71,38,39,44,55,57,30,38,68,103,68,55,83,51,56,48,45,50,43,86
2016011213,40,57,43,39,41,55,28,33,53,42,47,33,38,65,72,55,46,60,42,48,43,50,49,42,49
2016011214,38,48,42,45,45,47,34,42,44,36,51,31,24,46,73,48,47,42,49,35,30,41,48,39,55
2016011215,34,59,40,56,50,41,40,43,41,36,44,30,37,35,0,41,44,36,60,47,35,39,38,48,44
2016011216,51,49,27,50,44,43,55,35,33,23,46,31,41,56,0,53,34,32,50,73,43,35,39,51,34
2016011217,58,56,32,34,42,47,37,36,27,21,37,28,35,50,0,69,35,45,38,49,36,36,40,39,43
2016011218,47,55,31,39,35,47,27,36,30,28,46,29,31,47,57,49,35,41,31,37,29,39,44,37,44
2016011219,38,44,38,32,39,41,28,32,32,30,42,29,24,31,38,43,34,32,30,40,25,36,37,35,44
2016011220,31,41,29,31,39,37,29,31,32,36,35,26,25,36,33,29,33,28,31,39,24,34,35,30,38
2016011221,45,33,21,44,45,31,37,33,28,32,35,37,27,44,44,36,30,30,35,58,25,38,38,46,34
2016011222,41,35,34,38,36,32,34,31,28,31,41,24,24,38,47,39,28,35,32,41,24,46,34,35,35
2016011223,39,36,35,48,40,37,37,35,32,36,42,28,28,52,0,43,39,32,40,50,28,44,35,44,36
2016011224,43,40,30,40,34,35,36,36,30,33,37,28,23,35,0,43,36,40,38,47,24,41,32,35,40
2016011301,33,43,24,42,30,34,28,35,30,29,33,30,22,37,40,39,38,29,34,40,26,47,32,32,43
2016011302,37,40,25,32,27,28,29,29,34,31,33,28,24,35,36,33,34,29,31,36,22,35,30,33,34
2016011303,24,32,23,30,27,28,20,25,29,28,25,20,23,31,34,27,29,27,30,32,21,24,27,27,30
2016011304,26,43,32,31,28,37,32,24,27,32,29,19,17,22,37,27,34,32,30,33,18,23,30,25,32
2016011305,38,43,31,23,28,40,15,25,33,34,34,27,19,28,31,32,37,34,27,29,21,28,33,26,33
2016011306,36,43,29,29,27,41,20,23,35,29,36,15,20,24,35,34,42,37,27,34,23,27,32,31,32
2016011307,37,52,32,44,27,42,22,28,33,40,38,22,18,28,40,42,36,42,27,31,24,25,37,27,34
2016011308,39,62,40,40,27,44,22,30,35,39,36,26,21,31,46,38,39,56,30,32,25,26,36,28,35
2016011309,30,68,46,53,31,57,25,31,38,38,31,26,23,26,55,35,37,82,37,35,22,33,32,32,42
2016011310,31,81,37,39,36,68,35,31,28,57,26,23,23,31,57,30,35,67,44,24,28,32,32,25,60
2016011311,59,81,33,50,39,82,31,33,27,43,60,32,22,33,48,35,54,58,42,25,33,21,40,33,43
2016011312,52,51,45,31,37,69,28,37,38,36,53,34,23,27,59,0,66,52,40,33,30,19,47,26,54
2016011313,37,52,47,40,43,53,32,40,43,44,62,30,27,34,51,0,56,45,44,45,26,25,47,22,56
2016011314,32,39,45,48,47,36,41,41,42,38,31,47,40,45,52,32,40,26,55,55,39,37,38,36,45
2016011315,44,38,50,29,41,43,35,42,40,39,55,21,38,52,64,51,48,34,42,44,37,55,47,48,56
2016011316,45,49,43,42,43,40,36,40,41,46,45,45,31,37,55,41,44,34,41,44,31,44,41,37,56
2016011317,39,41,48,45,47,44,32,52,43,43,42,49,36,44,52,43,36,31,51,49,39,52,38,42,53
2016011318,36,43,46,36,45,45,34,43,44,41,37,47,40,40,46,40,34,30,54,47,38,44,44,47,51
2016011319,34,38,38,48,40,46,27,38,34,28,38,39,38,46,47,39,36,29,45,37,33,43,47,38,39
2016011320,34,35,37,54,42,41,24,32,34,30,40,36,36,44,42,48,32,29,45,53,34,43,44,39,31
2016011321,39,34,36,34,47,43,29,32,31,28,37,33,33,55,59,51,32,27,42,54,28,37,44,38,35
2016011322,45,45,34,50,40,41,34,34,34,30,34,33,33,45,0,47,33,36,41,60,33,37,37,51,33
2016011323,45,42,42,41,37,41,37,35,35,30,40,26,33,51,0,47,38,38,38,44,33,38,39,46,32
2016011324,46,43,37,47,36,43,33,36,35,28,39,23,31,44,0,50,42,40,39,44,32,38,43,42,32
2016011401,49,40,23,44,38,41,33,35,35,35,39,39,30,44,50,53,45,35,40,49,37,36,42,45,39
2016011402,46,44,32,46,37,39,36,38,33,38,43,27,31,43,49,55,43,35,44,39,31,41,40,40,43
2016011403,48,46,40,47,39,37,38,40,34,37,40,24,29,41,47,67,48,36,43,54,28,45,40,45,36
2016011404,48,47,43,53,39,42,38,38,34,40,46,44,30,46,49,55,46,40,46,46,34,41,42,38,38
2016011405,47,47,35,49,43,44,35,39,34,36,45,35,30,46,54,55,42,43,45,54,33,35,42,43,39
2016011406,51,54,36,55,40,46,43,42,36,34,49,33,35,48,53,65,44,44,45,50,31,37,44,44,42
2016011407,55,53,41,56,38,47,39,44,38,40,47,22,32,46,59,85,48,47,50,56,32,38,45,49,44
2016011408,56,63,40,60,42,49,50,44,39,45,52,41,37,47,74,60,45,51,52,57,34,40,47,50,54
2016011409,53,76,50,58,43,58,40,48,51,48,46,33,36,55,84,54,44,0,52,40,32,49,46,57,58
2016011410,41,86,39,65,41,49,41,41,38,58,38,33,31,43,89,40,38,82,49,36,24,35,43,45,58
2016011411,39,76,27,48,35,62,32,32,23,38,56,33,20,35,63,34,39,54,41,26,25,22,30,32,53
2016011412,44,51,38,32,36,46,40,29,35,35,48,31,15,21,0,47,52,44,33,26,41,16,46,24,42
2016011413,44,45,30,23,29,39,37,32,38,40,48,10,20,25,0,62,49,37,29,21,35,16,50,44,41
2016011414,46,40,35,23,29,41,0,44,38,36,54,24,15,35,0,57,47,34,28,21,25,25,46,37,49
2016011415,58,42,40,24,37,45,0,37,38,42,37,32,24,18,45,44,45,31,37,33,25,19,31,28,44
2016011416,49,41,36,45,46,46,39,45,45,39,36,42,29,37,46,38,41,32,42,50,30,31,33,28,37
2016011417,39,44,38,49,42,42,45,0,40,30,43,23,34,51,43,48,32,30,50,49,33,46,40,34,49
2016011418,51,41,52,50,45,45,41,0,41,37,41,39,37,52,37,47,38,33,50,64,36,49,44,37,44
2016011419,51,42,46,55,50,54,46,57,41,40,43,38,39,54,38,50,36,49,57,70,35,49,48,40,42
2016011420,55,58,46,53,62,55,47,45,44,40,48,43,40,55,39,56,38,46,57,68,42,46,51,45,46
2016011421,59,56,57,47,45,49,44,44,47,42,47,48,37,55,38,58,54,37,58,68,38,52,50,59,48
2016011422,56,51,53,50,58,48,43,42,43,40,39,58,35,53,45,53,49,48,52,68,36,37,46,50,40
2016011423,49,46,53,55,53,47,40,43,49,39,62,49,37,51,36,57,49,44,53,60,39,40,44,44,52
2016011424,50,49,55,49,47,48,36,46,49,38,51,48,40,49,40,54,43,40,54,58,35,40,44,43,51
2016011501,53,53,50,48,47,53,38,46,52,46,52,50,44,48,43,46,41,40,58,58,40,44,51,45,51
2016011502,49,57,51,47,56,51,40,44,50,54,60,67,44,57,46,49,54,36,59,57,45,58,51,52,57
2016011503,48,60,46,58,54,52,42,46,48,48,56,56,45,43,43,51,45,40,62,53,42,54,46,38,59
2016011504,37,49,41,59,42,55,30,43,44,46,50,43,35,46,43,40,49,39,57,67,32,47,38,35,47
2016011505,30,57,55,47,37,53,34,34,48,47,44,36,31,40,28,40,39,41,59,49,24,33,34,25,40
2016011506,34,58,56,54,34,45,27,29,51,48,37,29,27,35,26,35,35,43,52,36,25,29,39,25,33
2016011507,36,50,47,48,34,49,22,27,57,43,42,33,22,26,29,38,43,37,41,23,28,23,38,39,40
2016011508,34,52,66,59,34,56,26,29,62,61,44,26,30,27,28,31,53,39,36,38,28,25,40,35,40
2016011509,37,57,63,55,31,60,23,32,65,57,55,16,31,24,28,40,55,44,36,29,32,22,45,36,56
2016011510,40,69,58,44,36,57,28,29,63,59,59,34,37,28,33,46,59,47,51,28,31,22,51,38,65
2016011511,44,73,33,19,37,56,25,29,58,53,49,30,29,30,25,49,44,46,53,25,29,25,40,32,58
2016011512,39,64,32,23,38,52,25,25,37,23,45,32,32,28,31,29,37,50,61,33,31,20,42,40,30
2016011513,42,50,34,28,41,57,29,28,36,25,21,25,21,24,34,27,36,41,42,15,34,22,36,35,20
2016011514,34,29,40,26,46,37,30,38,35,0,38,44,29,31,50,31,34,32,43,23,38,26,32,36,35
2016011515,46,38,34,42,49,47,41,52,41,0,44,37,44,41,71,45,37,40,50,58,44,31,44,46,38
2016011516,47,51,54,51,56,54,40,56,45,0,62,43,48,62,76,52,51,43,63,69,49,50,58,54,47
2016011517,56,53,59,69,61,62,43,56,50,53,63,53,48,65,75,74,64,37,70,76,47,68,65,52,61
2016011518,62,62,66,82,59,65,49,62,49,66,71,42,55,70,93,81,64,50,68,69,50,66,64,50,71
2016011519,75,75,65,81,68,68,50,65,56,60,67,50,55,81,58,76,56,50,77,84,44,69,69,58,55
2016011520,69,75,74,74,59,69,61,68,54,78,67,58,48,64,55,79,68,71,80,79,48,61,70,66,59
2016011521,69,78,74,98,69,69,70,64,63,75,92,56,52,78,57,88,67,87,68,96,51,52,74,77,62
2016011522,83,75,73,106,68,72,77,64,62,79,81,57,54,70,58,89,70,90,69,88,61,50,70,79,82
2016011523,78,67,71,80,67,75,63,65,63,88,78,69,56,62,61,85,65,95,76,80,56,52,74,74,83
2016011524,76,68,66,72,65,72,65,63,66,71,80,73,56,65,57,82,65,82,79,79,54,47,74,69,79
2016011601,71,63,63,67,65,72,60,64,61,79,83,57,57,57,64,75,77,70,77,79,55,58,71,67,82
2016011602,71,76,65,59,66,66,57,62,60,83,84,72,58,55,70,70,73,68,74,62,56,57,70,55,79
2016011603,60,73,63,63,63,69,57,61,61,78,82,63,54,53,60,68,60,58,75,79,52,60,65,54,65
2016011604,61,73,72,56,64,70,54,77,72,84,74,78,51,58,53,59,54,54,73,63,52,51,68,49,63
2016011605,59,61,84,70,59,63,48,78,74,83,75,83,49,50,55,60,58,52,68,49,51,52,71,48,57
2016011606,56,61,82,60,57,63,43,67,79,90,68,49,56,52,48,60,76,45,67,61,50,55,74,66,57
2016011607,53,64,91,68,53,58,50,65,77,88,70,59,57,47,46,51,92,47,65,65,50,52,75,63,58
2016011608,52,57,89,72,56,63,44,69,86,90,77,54,58,55,45,60,91,45,74,57,53,45,78,62,60
2016011609,59,70,98,46,61,65,47,82,91,84,63,68,58,51,48,56,77,49,84,62,52,64,72,57,66
2016011610,57,88,85,74,65,63,54,80,97,75,65,45,60,52,49,83,69,63,95,67,61,54,71,59,58
2016011611,67,94,66,75,68,66,56,82,92,66,64,76,68,68,61,92,74,69,0,86,66,56,69,58,64
2016011612,67,77,74,84,73,68,70,79,77,57,75,73,72,68,68,88,70,57,0,89,69,60,77,67,73
2016011613,83,68,73,72,78,64,82,74,72,62,74,90,71,78,76,69,68,66,0,87,62,44,80,85,75
2016011614,76,57,74,74,80,60,72,77,76,73,79,85,73,69,70,76,66,63,0,81,67,45,82,80,64
2016011615,70,77,83,67,82,65,69,77,81,74,100,87,74,74,66,66,62,60,0,78,65,53,86,77,65
2016011616,70,78,88,80,84,66,76,74,78,78,96,83,75,82,66,76,76,61,0,83,67,60,86,78,55
2016011617,70,78,90,75,77,66,72,77,78,80,85,77,75,75,65,75,66,59,0,90,65,61,82,70,84
2016011618,69,67,91,79,73,64,66,82,81,77,72,67,72,77,62,70,70,53,98,89,62,62,80,73,82
2016011619,64,63,90,69,65,62,57,76,70,75,72,76,59,67,51,64,75,48,85,75,57,83,73,65,65
2016011620,61,66,100,69,62,64,57,69,69,81,64,91,61,66,48,67,74,52,78,70,58,68,69,61,63
2016011621,69,61,92,71,64,60,55,72,69,67,71,63,60,71,52,76,82,75,77,75,58,70,73,83,73
2016011622,73,60,80,88,63,64,68,72,66,66,67,64,61,74,51,84,85,71,80,89,57,67,88,80,69
2016011623,71,63,79,72,61,69,64,71,70,79,68,76,60,67,52,80,77,59,79,83,60,64,82,77,66
2016011624,68,59,80,72,62,63,54,67,77,68,70,56,58,59,49,72,69,57,76,79,56,61,75,69,68
2016011701,59,61,87,63,65,63,54,63,77,79,84,62,57,58,52,68,75,53,77,72,56,64,81,68,65
2016011702,63,71,72,63,59,59,55,66,72,92,81,61,56,55,60,68,87,55,72,66,59,58,72,62,73
2016011703,53,64,86,59,58,60,53,64,77,93,80,53,55,55,57,59,73,61,73,67,54,71,71,59,70
2016011704,58,64,84,89,57,60,48,63,78,94,91,60,54,57,48,60,71,48,71,67,51,62,83,61,57
2016011705,54,61,85,67,59,61,46,67,79,86,74,56,58,55,48,60,76,51,68,58,53,51,78,64,60
2016011706,58,65,81,54,61,61,49,65,82,79,65,57,56,54,51,61,75,43,68,68,57,60,72,61,63
2016011707,53,56,85,55,56,59,44,62,83,82,78,60,61,55,46,63,74,42,70,62,57,59,81,67,60
2016011708,58,58,81,51,58,58,44,64,90,82,81,52,56,55,45,60,91,44,72,54,52,57,81,64,63
2016011709,52,59,82,55,60,56,51,67,92,88,72,58,60,58,47,61,83,51,84,67,54,60,81,69,60
2016011710,55,56,90,56,60,58,48,65,89,79,69,66,59,59,47,58,80,51,77,62,55,51,74,69,55
2016011711,53,61,84,80,64,55,45,67,93,73,71,75,64,51,51,74,62,49,71,76,59,44,74,58,64
2016011712,66,60,82,74,67,63,58,71,89,69,70,61,63,70,54,76,62,53,76,79,58,52,68,71,55
2016011713,68,63,72,71,70,67,54,72,76,67,67,69,59,81,63,81,57,57,75,79,60,49,74,75,61
2016011714,82,67,77,72,76,70,67,73,88,81,72,67,62,74,63,75,57,53,82,76,58,50,73,72,66
2016011715,83,66,89,81,77,70,75,75,92,93,83,71,62,71,63,74,78,52,78,75,56,52,72,67,71
2016011716,75,70,84,96,73,65,66,71,96,88,82,77,59,71,61,75,86,73,73,73,61,51,77,72,64
2016011717,70,76,92,97,68,66,66,68,94,88,81,72,65,72,85,66,76,57,73,63,56,56,75,70,76
2016011718,66,69,90,102,64,72,59,68,83,87,96,62,65,68,72,83,81,58,82,76,68,55,85,74,78
2016011719,68,65,91,93,71,69,65,67,86,79,92,63,70,76,64,82,83,57,91,87,72,67,89,81,74
2016011720,64,77,89,90,68,66,66,64,89,71,78,67,70,85,59,74,82,61,83,81,60,74,83,86,65
2016011721,78,73,92,84,70,70,70,63,82,79,68,65,63,86,53,88,67,80,81,97,56,69,72,81,62
2016011722,87,73,69,108,86,72,78,66,74,62,69,60,69,86,57,98,84,86,89,86,59,67,75,82,61
2016011723,85,70,75,110,80,68,84,71,69,67,72,90,80,94,70,95,71,82,108,114,60,80,72,84,62
2016011724,85,72,76,103,83,72,87,78,71,67,75,50,82,89,74,98,71,89,104,111,61,74,77,81,59
2016011801,75,75,72,96,86,72,89,78,67,83,85,82,87,83,76,87,72,76,109,111,70,72,73,72,70
2016011802,69,87,74,93,99,75,77,76,74,92,95,70,83,86,85,78,82,74,106,105,64,81,76,70,75
2016011803,79,86,72,83,82,74,71,75,74,83,91,84,79,92,87,69,68,58,93,91,74,71,82,79,74
2016011804,93,87,80,87,84,88,77,80,77,84,101,83,80,101,91,102,75,68,99,94,81,90,92,93,83
2016011805,88,93,80,75,77,97,61,77,84,83,88,70,68,79,74,89,76,73,90,92,62,74,87,75,97
2016011806,80,79,70,68,76,82,57,76,67,67,71,94,66,74,66,73,63,52,80,74,63,72,74,67,68
2016011807,82,82,81,82,82,89,66,78,75,76,84,72,77,88,81,88,85,68,90,105,73,78,84,74,78
2016011808,94,97,75,103,80,99,68,78,69,71,87,71,74,106,87,114,87,77,87,101,71,79,84,88,88
2016011809,95,90,69,93,77,91,73,79,63,73,85,90,68,89,101,102,71,73,86,96,65,70,79,74,87
2016011810,88,78,52,73,75,79,74,77,51,51,65,69,58,77,100,87,57,75,81,87,55,60,69,82,66
2016011811,68,56,45,61,64,60,67,66,39,41,55,61,52,63,0,71,68,70,70,72,52,50,57,65,44
2016011812,63,57,40,55,47,60,55,56,37,37,55,46,40,58,0,78,55,59,59,51,49,40,49,59,56
2016011813,71,48,37,53,49,54,41,49,38,37,51,33,30,50,0,64,48,59,55,62,37,45,44,56,48
2016011814,48,0,33,47,38,47,50,47,35,42,0,31,48,39,0,55,50,50,56,44,31,30,37,45,48
2016011815,53,0,36,52,40,45,46,47,35,47,55,32,33,51,0,64,37,62,54,0,35,34,42,59,37
2016011816,60,0,25,45,40,50,38,45,34,48,58,26,19,40,0,63,36,50,44,0,31,33,37,55,0
2016011817,37,0,30,30,27,39,37,40,0,31,34,25,24,32,0,57,29,40,37,0,29,28,32,38,36
2016011818,36,49,24,33,19,33,25,33,0,29,35,16,18,31,0,54,36,43,31,39,17,31,37,38,33
2016011819,26,38,19,22,15,25,16,21,21,20,23,16,16,20,0,38,21,36,23,13,14,20,24,26,25
2016011820,29,25,21,20,18,28,17,19,17,13,19,18,14,23,48,29,17,24,19,27,12,21,19,24,24
2016011821,32,28,17,17,19,23,9,20,18,21,23,16,16,22,30,37,27,25,20,31,16,20,23,39,24
2016011822,30,29,21,26,17,28,16,22,22,21,37,18,17,27,23,34,22,26,21,27,20,20,36,34,25
2016011823,31,56,18,29,21,38,19,23,19,22,35,21,25,43,22,43,29,40,26,33,22,24,34,36,27
2016011824,44,34,28,28,21,28,19,22,24,23,27,26,23,37,27,35,29,37,26,31,22,23,30,31,28
2016011901,30,34,23,33,29,24,21,25,24,30,33,22,19,24,36,32,27,34,31,41,17,35,30,34,24
2016011902,37,39,34,42,25,36,25,25,27,29,36,33,21,38,57,34,40,32,35,49,19,35,32,44,31
2016011903,31,39,28,26,26,35,25,23,28,34,31,23,20,35,36,42,40,33,26,37,19,24,30,65,29
2016011904,36,34,21,29,23,33,22,22,29,34,30,17,19,28,38,35,38,32,29,31,20,26,27,32,35
2016011905,28,32,21,35,25,30,19,23,28,30,28,22,20,29,38,38,32,29,27,31,21,27,32,29,28
2016011906,32,32,31,26,22,30,24,24,26,31,26,21,19,34,0,33,30,28,28,32,17,25,27,28,30
2016011907,30,33,27,32,24,28,23,24,24,33,32,21,19,28,0,37,30,29,28,37,19,22,25,27,28
2016011908,33,26,26,28,23,29,21,24,24,26,28,32,20,31,0,40,28,29,31,36,22,26,28,29,25
2016011909,31,35,33,36,25,34,24,25,24,31,28,14,21,29,0,35,28,30,35,33,21,28,28,35,33
2016011910,33,39,23,30,27,34,23,27,27,23,37,24,21,33,0,36,29,35,34,31,25,26,29,37,29
2016011911,29,40,27,36,27,34,29,27,30,34,42,17,17,40,0,35,32,40,34,32,26,27,30,40,35
2016011912,33,60,26,23,28,36,24,25,29,32,37,31,23,33,0,42,34,0,32,40,28,29,32,36,33
2016011913,40,55,26,25,28,36,20,24,29,39,40,16,24,39,0,50,60,0,0,37,29,27,33,60,33
2016011914,40,0,30,37,26,49,27,28,36,48,41,14,22,36,50,60,49,0,0,38,39,19,30,80,40
2016011915,35,38,31,0,25,40,31,26,30,47,35,17,23,40,54,41,33,38,43,31,44,16,31,44,33
2016011916,40,38,28,0,28,40,24,28,35,41,41,20,27,49,52,52,37,42,34,54,0,38,33,41,36
2016011917,47,43,29,35,31,44,28,31,43,45,41,29,28,43,75,74,40,34,37,39,0,41,34,39,44
2016011918,51,43,40,55,31,42,32,31,43,56,50,30,29,45,62,62,47,32,36,51,27,43,42,44,47
2016011919,51,56,27,54,32,48,31,30,30,42,53,25,30,58,54,63,49,49,38,53,29,51,41,53,52
2016011920,51,39,30,55,41,38,42,33,27,30,36,40,25,41,53,51,35,41,42,62,24,40,46,43,36
2016011921,37,35,24,55,42,34,49,34,29,30,26,42,22,32,44,47,31,37,42,46,22,32,38,39,33
2016011922,40,32,22,39,31,28,36,37,24,31,32,28,23,34,29,38,28,34,35,42,21,30,31,36,32
2016011923,31,31,22,36,32,37,29,31,27,29,33,21,20,33,27,32,28,28,31,35,23,27,29,33,27
2016011924,34,30,23,28,24,33,25,26,26,25,29,21,18,29,23,30,29,28,29,28,20,31,29,28,27
2016012001,26,27,24,32,30,23,23,24,27,20,32,34,19,26,24,31,25,26,27,33,20,32,28,23,30
2016012002,26,32,29,33,25,32,23,26,29,30,31,18,19,26,20,25,30,26,29,30,18,29,27,29,27
2016012003,30,33,26,23,28,26,24,27,30,22,26,21,21,24,22,28,27,26,28,24,18,25,25,27,32
2016012004,22,35,26,22,25,23,24,24,25,27,25,21,20,25,24,26,28,23,29,32,20,27,21,28,26
2016012005,28,40,27,38,23,25,20,24,28,24,27,18,20,24,24,31,27,28,28,29,19,25,25,25,37
2016012006,30,43,27,27,26,35,20,25,32,30,25,18,20,33,24,26,30,25,30,34,20,26,26,27,45
2016012007,30,40,37,35,25,34,20,26,30,37,28,26,22,22,27,33,28,37,30,28,21,24,28,25,30
2016012008,35,34,32,38,26,36,26,27,31,36,38,20,22,26,26,32,34,30,34,33,21,32,31,27,32
2016012009,37,47,32,37,29,34,22,30,40,33,33,15,25,30,36,34,36,35,36,32,24,45,31,32,39
2016012010,44,50,32,39,29,36,29,28,25,43,36,34,26,30,38,37,37,33,42,24,22,31,33,37,33
2016012011,48,50,37,37,36,46,28,32,26,45,45,13,26,34,48,39,40,44,42,32,34,35,31,34,46
2016012012,30,47,32,48,39,50,29,33,31,35,45,38,29,35,49,0,46,49,45,41,32,38,32,32,50
2016012013,35,56,36,38,43,56,34,40,40,42,45,28,33,40,48,39,48,41,43,47,36,32,42,35,53
2016012014,45,50,44,31,42,52,33,41,44,51,49,35,36,39,46,48,44,41,44,46,36,35,47,40,55
2016012015,45,47,42,35,35,53,31,39,41,47,47,36,32,42,59,44,43,42,42,44,37,45,0,40,48
2016012016,42,51,47,27,35,53,30,38,43,44,53,33,32,46,49,45,48,46,40,34,34,64,0,42,54
2016012017,47,55,43,46,39,50,36,41,56,55,51,29,35,45,60,53,51,44,41,45,39,70,42,42,58
2016012018,61,55,53,50,43,58,34,52,50,55,55,38,36,45,58,46,55,43,48,43,38,53,48,39,52
2016012019,41,48,36,48,52,51,39,58,42,50,48,46,32,43,39,47,52,42,55,57,34,43,50,39,47
2016012020,44,50,49,46,68,49,45,51,48,45,40,47,36,42,39,41,42,40,54,63,35,49,48,38,45
2016012021,45,44,42,50,56,49,48,58,50,41,44,42,38,46,45,59,49,46,48,70,39,46,46,43,43
2016012022,58,51,48,47,51,52,44,54,49,49,44,40,35,42,50,55,48,54,43,55,36,45,44,45,50
2016012023,45,66,38,45,50,60,41,48,50,63,38,44,30,49,38,48,48,73,42,54,34,40,42,44,51
2016012024,56,72,50,53,40,63,35,42,46,55,49,36,33,43,42,46,47,60,45,58,31,38,40,41,63
2016012101,64,75,44,60,41,60,34,43,47,59,55,38,31,44,36,57,41,58,46,50,32,39,48,42,52
2016012102,65,85,48,50,40,64,37,43,49,57,61,37,31,39,42,57,58,68,43,43,39,43,54,46,57
2016012103,65,72,46,49,48,70,37,42,52,57,58,39,33,51,48,59,54,58,46,46,42,38,50,46,60
2016012104,64,64,49,56,40,66,40,43,58,60,57,38,35,42,48,60,47,60,57,53,41,39,46,50,47
2016012105,61,70,53,61,47,63,43,44,61,70,59,42,36,42,42,52,53,53,61,59,37,40,42,39,61
2016012106,58,57,71,51,40,64,40,48,62,79,60,38,37,42,39,57,59,50,53,49,42,41,53,44,60
2016012107,60,62,64,54,44,61,40,47,63,69,65,42,37,42,49,53,68,46,58,53,44,36,60,51,59
2016012108,52,64,69,64,45,68,47,51,68,77,61,48,37,46,49,58,71,51,66,55,45,43,58,46,60
2016012109,60,79,76,58,49,76,46,50,75,85,72,50,35,49,67,62,77,60,74,59,38,53,54,49,73
2016012110,67,89,79,70,46,80,42,51,72,97,77,34,38,46,69,69,82,59,65,55,44,40,62,43,77
2016012111,76,95,77,67,44,86,50,52,66,89,81,42,40,51,67,85,93,61,62,46,42,43,73,41,71
2016012112,81,74,62,35,44,83,51,49,53,68,76,32,38,0,61,93,84,66,63,38,44,49,52,43,59
2016012113,51,67,55,36,42,76,38,48,44,50,71,27,36,0,49,0,75,79,56,39,41,41,34,31,52
2016012114,54,72,60,56,41,72,36,47,51,58,58,40,38,44,41,0,64,71,52,52,43,39,40,39,61
2016012115,50,64,39,37,35,53,34,41,49,61,43,26,29,38,75,45,0,42,41,41,36,33,49,47,51
2016012116,37,55,46,45,46,0,40,42,41,48,41,43,33,31,63,43,0,42,54,56,35,38,38,33,57
2016012117,51,48,27,60,47,26,36,52,33,39,49,47,32,46,72,51,29,38,53,59,34,40,38,31,40
2016012118,52,45,36,50,39,38,51,46,36,38,45,31,30,46,63,41,38,40,50,54,26,35,36,31,42
2016012119,42,41,35,52,40,38,41,42,36,42,42,29,28,43,33,38,30,28,43,44,33,46,41,34,44
2016012120,42,41,37,46,48,38,41,40,35,45,40,32,33,47,36,43,38,40,40,53,29,51,45,37,46
2016012121,53,40,44,48,45,39,52,44,38,38,45,31,36,52,35,45,42,36,51,67,41,38,43,56,43
2016012122,59,44,45,80,60,46,51,50,38,53,52,50,45,69,53,64,51,43,63,73,47,60,55,65,46
2016012123,69,48,46,66,57,59,59,58,44,55,70,43,48,75,61,72,55,58,62,80,51,71,61,70,56
2016012124,71,58,48,57,54,64,49,53,49,62,67,49,48,71,55,77,54,60,57,72,51,73,65,71,61
2016012201,74,61,52,49,54,68,41,47,58,56,64,52,46,65,57,76,63,63,47,58,50,75,63,66,60
2016012202,68,71,53,47,44,68,41,45,56,66,67,44,42,60,47,72,71,61,47,52,47,66,64,61,72
2016012203,67,77,58,47,43,68,34,43,50,69,65,36,38,54,47,67,64,60,50,58,44,54,59,55,69
2016012204,59,76,54,50,50,68,43,44,51,64,67,38,35,48,47,62,64,65,49,56,41,64,60,59,68
2016012205,59,76,48,55,54,66,34,44,54,65,60,40,40,58,44,60,61,63,55,50,43,60,58,60,62
2016012206,63,76,50,54,45,67,42,46,54,53,67,42,40,46,49,61,54,66,54,49,44,55,60,54,66
2016012207,59,83,56,52,47,72,46,48,58,56,58,44,42,55,47,54,63,71,52,65,42,50,55,55,63
2016012208,52,91,54,48,40,81,37,50,66,65,58,33,37,55,49,53,62,77,55,47,43,51,50,53,71
2016012209,43,107,63,66,36,86,31,40,65,59,49,29,31,42,47,49,66,96,57,37,34,63,52,47,74
2016012210,40,107,68,52,37,95,37,35,69,73,69,28,27,32,48,38,71,89,50,35,30,39,44,37,76
2016012211,50,92,49,56,39,86,31,34,76,72,73,30,32,36,46,81,61,93,51,35,39,36,59,41,66
2016012212,44,83,48,38,43,77,42,42,40,58,69,31,38,43,55,62,53,86,53,49,41,40,69,0,55
2016012213,46,79,47,48,37,68,31,46,46,50,65,24,33,33,55,59,63,69,54,52,39,36,54,0,60
2016012214,53,67,49,55,45,68,40,40,47,53,54,29,0,57,0,51,55,58,57,58,46,48,57,45,54
2016012215,51,60,37,48,47,61,40,47,45,46,49,38,0,53,0,57,51,51,56,54,44,35,46,55,52
2016012216,54,61,32,45,47,59,42,43,32,43,44,34,38,49,0,52,36,53,50,61,42,40,41,46,50
2016012217,52,55,37,44,44,49,41,40,37,47,55,40,43,61,0,49,38,41,46,54,42,53,41,45,52
2016012218,64,50,48,40,38,51,46,41,38,47,60,37,37,57,0,59,37,40,40,48,43,54,55,61,62
2016012219,54,53,48,41,33,58,34,35,43,49,55,37,30,43,49,61,47,50,36,50,35,40,51,49,50
2016012220,43,52,35,39,42,51,34,30,38,44,43,28,29,47,39,48,51,43,37,50,31,48,45,39,50
2016012221,58,47,36,33,45,48,36,35,34,38,51,27,32,42,43,50,42,44,39,56,31,46,43,38,47
2016012222,49,44,33,45,44,39,39,38,31,38,49,36,32,44,0,49,39,41,40,46,27,41,35,39,44
2016012223,46,37,34,31,34,41,29,28,33,43,45,29,28,42,47,46,40,40,31,46,30,48,42,45,44
2016012224,35,43,29,31,34,42,26,28,33,41,41,20,20,29,39,54,40,38,29,38,21,33,35,33,42
2016012301,27,41,17,32,30,34,23,28,23,32,30,17,16,24,24,42,36,27,26,36,17,30,25,29,41
2016012302,25,32,27,23,27,31,21,23,21,28,26,29,18,25,25,24,27,27,25,32,20,27,26,26,29
2016012303,30,27,22,31,29,29,19,26,23,23,29,31,25,29,30,32,28,31,31,35,26,26,30,27,28
2016012304,37,27,23,39,37,32,35,33,23,29,37,25,26,36,35,37,35,24,38,41,27,33,32,35,28
2016012305,38,30,35,48,40,35,32,40,23,31,33,33,28,38,39,35,35,29,43,48,28,36,33,32,35
2016012306,37,35,38,47,39,42,35,45,34,34,39,39,31,38,0,50,34,35,46,47,27,37,36,39,33
2016012307,44,40,32,40,34,46,32,43,35,41,43,26,31,48,0,47,41,34,44,45,34,44,42,41,41
2016012308,51,47,34,46,29,46,31,35,37,46,52,31,33,50,0,59,42,48,39,46,36,48,48,54,43
2016012309,49,41,27,40,27,52,25,33,36,40,37,30,29,38,0,49,35,42,41,40,29,46,45,45,42
2016012310,30,41,28,29,31,31,29,32,25,29,24,29,20,29,0,43,27,36,39,31,24,42,35,30,32
2016012311,29,27,28,30,34,37,29,32,26,32,40,25,26,37,0,32,32,33,41,34,30,27,28,38,31
2016012312,31,39,32,38,31,32,28,34,30,32,38,22,24,38,0,39,37,36,39,32,33,34,32,39,35
2016012313,32,37,33,39,38,41,28,37,31,44,44,34,24,36,0,46,41,38,44,39,36,35,36,35,48
2016012314,39,48,30,47,38,40,35,41,35,43,51,31,26,42,0,46,39,43,45,47,32,29,39,42,49
2016012315,45,44,31,43,39,35,30,39,37,45,0,24,27,43,0,46,46,37,42,44,30,31,34,39,41
2016012316,37,40,30,41,30,44,29,36,33,40,45,26,18,37,0,52,33,36,39,46,25,36,36,36,38
2016012317,42,36,22,32,29,30,29,37,26,32,30,20,20,34,0,49,31,31,38,39,23,32,32,36,36
2016012318,25,24,20,32,31,27,27,53,22,23,21,22,19,28,0,34,23,31,38,42,19,23,26,22,21
2016012319,27,24,13,29,23,32,22,32,16,26,23,19,18,25,0,37,19,20,28,40,15,24,24,23,25
2016012320,23,17,14,12,20,16,12,18,15,15,10,9,13,14,0,22,19,23,19,26,12,19,19,20,17
2016012321,19,18,16,12,17,19,9,13,16,13,14,11,10,12,15,22,14,13,16,26,14,17,19,18,11
2016012322,21,12,17,19,21,17,17,17,20,16,16,17,17,23,20,17,18,13,20,22,14,23,18,19,18
2016012323,15,19,22,23,19,13,13,18,17,11,9,18,14,19,21,18,12,15,22,31,15,22,16,20,17
2016012324,18,21,22,19,18,12,12,18,16,13,15,14,12,17,16,17,28,15,20,18,14,17,19,18,15
2016012401,22,22,17,26,19,26,16,19,17,10,18,14,12,23,18,22,22,15,23,19,18,26,22,21,10
2016012402,20,21,17,25,23,20,17,23,17,18,27,28,15,17,17,24,21,18,27,0,16,25,20,24,22
2016012403,34,25,19,35,33,25,24,29,27,24,25,23,23,28,29,28,30,26,32,32,23,28,26,28,23
2016012404,38,38,34,43,41,50,28,35,34,40,42,22,29,40,38,41,43,42,35,41,28,31,38,39,42
2016012405,51,49,44,46,40,48,34,40,37,43,44,31,35,46,38,48,49,43,46,41,32,41,43,43,48
2016012406,54,52,45,55,44,48,35,46,41,50,52,38,36,54,46,46,51,46,52,49,35,51,46,51,53
2016012407,54,55,39,48,40,56,36,44,44,50,59,42,36,53,46,51,57,50,49,55,36,54,50,53,51
2016012408,53,61,39,47,37,55,36,43,44,50,52,38,33,54,41,51,37,48,49,52,34,52,50,47,51
2016012409,46,56,40,48,35,49,38,40,43,45,46,35,30,47,42,56,57,47,48,44,33,44,43,47,49
2016012410,48,47,35,38,36,43,31,39,34,48,43,31,30,38,38,41,42,47,44,38,31,45,50,42,43
2016012411,38,53,40,30,34,39,36,35,34,44,41,34,31,48,41,42,46,50,42,38,37,38,48,43,44
2016012412,39,44,32,37,37,53,30,36,36,40,45,36,32,38,36,47,49,47,41,38,32,40,37,40,45
2016012413,40,46,29,38,40,42,34,38,40,44,49,30,30,40,30,44,42,49,44,38,35,33,44,37,47
2016012414,48,49,42,39,36,45,28,39,39,46,48,29,30,40,43,43,45,46,42,38,35,37,42,41,53
2016012415,40,44,42,36,39,51,37,38,40,45,43,33,32,37,40,47,50,45,43,49,35,23,41,41,46
2016012416,46,49,36,41,42,38,34,43,38,45,46,32,34,48,43,47,50,38,44,55,37,43,37,36,41
2016012417,47,46,37,52,43,49,36,45,35,44,46,41,35,44,46,47,48,35,46,49,34,53,43,38,43
2016012418,58,45,42,52,45,44,44,50,44,47,49,39,35,53,52,58,51,45,51,72,35,44,46,43,50
2016012419,43,46,40,51,49,51,46,53,34,46,43,39,29,42,35,52,46,47,50,63,30,44,43,36,47
2016012420,38,43,35,56,46,38,43,44,31,40,40,30,25,42,30,49,38,35,46,53,26,41,36,35,40
2016012421,39,39,28,40,41,42,48,39,29,29,28,33,23,28,33,36,31,46,41,62,25,34,34,41,35
2016012422,37,39,22,44,39,27,36,34,25,30,30,25,24,36,34,37,30,30,37,52,24,28,30,35,29
2016012423,38,41,28,40,35,38,34,32,25,26,27,22,22,30,32,34,27,27,35,39,22,29,33,34,29
2016012424,39,32,19,38,35,32,30,30,23,21,23,28,24,41,33,36,26,33,34,39,29,32,32,37,22
2016012501,38,41,32,43,32,31,30,32,26,33,34,24,25,41,33,42,20,33,36,47,27,39,34,35,34
2016012502,40,36,28,39,35,43,35,35,27,36,38,20,23,35,32,42,37,33,36,40,27,37,37,34,33
2016012503,42,42,31,44,34,32,33,34,29,33,38,23,25,42,33,36,35,33,40,44,25,35,34,37,38
2016012504,43,40,28,37,38,37,33,35,32,35,41,37,28,41,32,36,37,37,39,42,27,37,33,39,37
2016012505,40,40,31,44,34,41,30,36,33,41,40,24,31,42,36,46,46,35,41,46,27,37,40,41,36
2016012506,47,49,32,44,38,35,40,36,34,44,43,30,28,47,34,42,42,39,40,44,29,43,42,45,40
2016012507,44,45,34,52,38,45,33,35,40,46,42,35,29,44,40,51,47,39,44,51,29,45,42,41,44
2016012508,48,47,39,59,38,48,40,40,39,40,45,39,31,43,40,54,48,44,48,50,30,41,49,46,48
2016012509,55,59,40,71,40,48,39,46,42,50,50,35,31,48,52,57,53,45,50,50,31,44,43,42,51
2016012510,50,65,48,57,39,50,43,41,41,56,41,36,29,44,52,49,52,53,48,42,32,44,38,47,45
2016012511,44,58,43,51,40,52,38,43,39,60,53,28,33,57,52,43,68,63,53,43,38,46,43,51,48
2016012512,45,58,43,65,43,46,45,47,45,54,51,40,35,56,64,45,63,48,57,59,42,53,44,50,56
2016012513,51,48,31,60,45,46,44,46,40,47,53,36,34,52,60,56,51,47,59,57,40,50,47,48,53
2016012514,52,51,37,42,43,45,40,46,40,46,57,26,29,48,62,48,51,49,59,50,37,49,46,40,51
2016012515,44,48,37,61,46,44,44,46,36,41,49,32,34,42,60,46,51,41,58,61,39,28,43,47,49
2016012516,52,54,36,70,50,48,50,47,36,46,61,52,38,60,71,62,42,50,60,73,42,47,44,47,45
2016012517,61,51,35,63,52,53,49,47,37,44,65,47,39,75,81,73,51,49,61,71,45,64,51,49,53
2016012518,75,65,44,70,54,60,47,61,43,56,63,47,40,74,78,73,52,53,54,76,45,60,59,52,58
2016012519,70,59,45,77,63,56,62,62,44,56,63,53,39,64,54,69,53,50,58,70,46,61,61,56,60
2016012520,70,65,49,70,66,60,69,65,46,58,59,50,42,75,57,71,61,61,61,90,44,66,68,64,73
2016012521,79,72,50,61,71,61,79,66,53,67,76,62,39,83,65,88,68,72,67,97,45,75,67,57,81
2016012522,82,78,53,94,64,65,69,66,58,74,75,42,47,75,70,83,68,72,77,108,44,73,70,78,74
2016012523,79,76,58,99,65,67,73,67,61,70,79,51,49,83,73,82,74,72,78,99,51,62,68,74,72
2016012524,83,88,59,89,64,73,75,70,58,71,80,56,49,82,72,85,77,74,80,91,51,62,70,78,73
2016012601,86,89,62,90,68,77,69,74,61,77,70,57,53,78,76,85,82,70,82,88,58,63,72,75,69
2016012602,86,86,59,86,69,76,67,71,62,80,80,60,52,85,70,85,74,74,82,87,58,74,71,79,79
2016012603,76,75,65,94,64,70,66,67,58,79,77,52,50,81,73,83,77,67,79,89,51,66,70,73,73
2016012604,71,75,60,81,61,70,62,66,61,76,68,56,50,72,68,71,72,61,80,93,52,58,70,66,72
2016012605,69,75,56,89,59,68,65,69,56,71,71,52,50,72,69,66,74,60,84,79,58,67,69,71,72
2016012606,69,78,55,84,61,71,68,69,55,69,74,55,51,77,70,70,73,65,85,93,56,75,67,69,71
2016012607,71,76,55,88,61,74,66,67,61,73,76,59,54,74,73,81,73,69,83,83,59,70,68,72,77
2016012608,74,80,61,89,63,73,64,69,64,77,80,65,55,78,70,96,75,68,0,93,62,79,74,76,77
2016012609,75,93,67,90,66,80,61,68,64,78,84,65,60,88,75,92,87,76,0,96,68,74,76,74,82
2016012610,83,101,63,84,64,88,72,68,69,79,87,67,73,89,78,102,97,80,0,82,71,79,78,81,86
2016012611,101,105,79,88,72,87,75,70,66,84,80,79,69,86,89,93,93,96,0,97,74,71,84,101,84
2016012612,101,92,83,93,80,91,81,62,80,85,97,79,70,91,99,97,92,97,0,99,72,79,93,95,79
2016012613,93,105,88,78,74,96,74,62,77,91,102,59,69,90,88,87,93,81,0,86,70,74,95,93,93
2016012614,89,105,96,65,76,88,0,70,83,104,107,68,67,81,89,96,87,69,97,100,75,79,91,90,99
2016012615,83,94,0,57,74,82,0,81,88,0,100,87,63,78,81,79,80,72,90,72,74,88,87,72,95
2016012616,80,80,0,65,66,76,0,68,85,94,83,54,60,72,81,84,77,60,80,62,75,87,69,68,84
2016012617,73,76,77,79,76,84,0,77,0,82,89,66,64,81,92,78,71,65,88,95,71,90,66,73,83
2016012618,88,89,92,103,81,90,0,79,0,82,92,73,69,89,79,98,91,68,87,109,66,90,53,80,86
2016012619,88,87,87,92,82,91,107,76,0,83,84,53,65,97,66,96,81,71,88,98,62,87,88,69,83
2016012620,76,87,85,86,77,88,98,78,0,80,82,81,66,95,79,96,79,73,86,108,67,91,86,74,84
2016012621,90,87,81,97,82,87,0,74,0,74,81,79,68,97,79,96,73,84,87,103,68,84,85,79,80
2016012622,90,81,82,95,97,88,104,74,89,74,87,75,70,102,84,96,73,85,91,103,66,74,80,93,77
2016012623,94,85,77,80,80,89,100,71,74,67,76,74,67,91,78,101,75,83,87,109,68,66,79,86,78
2016012624,87,107,60,53,80,84,87,68,56,53,78,62,58,77,72,85,72,79,71,83,53,73,74,70,67
2016012701,72,96,59,57,72,72,61,61,53,60,75,61,49,65,62,66,74,81,59,64,54,69,0,55,65
2016012702,60,92,62,65,72,69,67,59,56,66,72,57,54,59,52,60,76,62,62,61,51,63,0,55,74
2016012703,64,80,60,62,61,67,65,61,56,66,71,63,54,68,56,67,63,53,60,69,51,68,0,59,74
2016012704,62,71,61,62,59,65,67,63,56,66,71,59,51,63,56,64,62,52,61,70,51,66,0,60,72
2016012705,66,68,64,67,60,67,67,61,56,67,72,57,55,67,54,66,61,54,66,73,54,67,0,58,67
2016012706,67,71,63,73,62,68,70,65,54,69,65,58,56,72,63,67,67,56,71,76,52,73,0,66,65
2016012707,66,71,64,76,61,70,70,62,52,63,68,73,55,70,59,67,59,54,74,80,51,67,0,60,65
2016012708,71,80,64,78,66,71,84,65,59,63,70,67,58,68,66,73,60,54,86,86,50,71,0,62,62
2016012709,70,99,72,73,70,79,91,77,69,63,73,70,63,53,62,80,61,89,84,90,51,60,0,70,64
2016012710,71,107,81,102,63,82,89,75,67,81,78,71,52,70,62,82,90,114,84,77,60,67,0,64,66
2016012711,87,99,80,117,71,84,85,67,71,80,85,59,59,84,91,89,84,104,89,72,64,66,0,63,69
2016012712,77,81,67,76,62,0,84,70,62,61,64,62,50,79,84,80,80,89,74,78,54,46,49,69,71
2016012713,70,81,57,67,75,64,87,78,50,44,59,81,53,61,72,66,51,63,74,81,56,60,59,66,66
2016012714,80,78,54,49,70,77,91,69,44,50,67,70,49,66,84,75,55,72,66,73,63,59,63,64,67
2016012715,80,86,56,40,65,80,69,58,49,54,58,0,38,43,83,64,56,75,61,56,53,39,54,50,78
2016012716,63,78,43,49,57,70,62,60,44,54,68,0,43,52,64,66,41,64,59,71,54,38,52,45,64
2016012717,63,68,45,55,52,59,0,54,40,50,65,0,37,63,57,68,56,54,51,60,46,70,57,52,69
2016012718,63,60,58,63,54,56,69,54,48,57,59,0,42,56,54,58,62,46,52,58,45,72,51,47,60
2016012719,55,56,55,62,62,60,71,58,54,69,63,0,45,62,45,62,53,35,56,60,43,73,56,53,65
2016012720,58,55,54,55,63,60,72,54,52,62,70,46,46,62,46,59,62,42,61,74,45,69,64,60,64
2016012721,71,63,49,63,67,65,78,55,57,55,58,54,43,44,66,71,48,51,60,69,41,58,59,57,63
2016012722,75,68,41,72,69,58,69,62,50,46,47,52,41,57,60,59,41,70,57,67,39,45,52,54,48
2016012723,60,61,43,70,76,52,61,57,43,44,42,56,39,58,52,57,43,75,58,68,32,32,49,58,37
2016012724,48,72,33,79,77,55,77,59,44,33,45,53,40,56,53,66,40,77,60,70,29,27,43,57,40
2016012801,54,83,30,71,67,66,62,58,40,40,59,50,37,46,53,62,33,70,62,65,29,43,43,49,60
2016012802,67,80,36,65,57,61,53,56,43,43,67,53,38,42,59,76,38,70,59,72,36,35,51,37,57
2016012803,64,74,36,58,51,59,85,54,39,45,60,52,40,33,51,66,37,71,59,65,42,28,49,31,41
2016012804,68,74,29,49,47,55,71,53,38,43,61,46,37,43,57,72,35,63,68,70,47,30,45,37,45
2016012805,67,67,36,49,38,59,67,41,40,44,57,47,40,36,56,58,37,65,64,52,45,30,42,37,45
2016012806,63,63,50,42,46,59,58,41,46,50,51,48,39,41,55,62,39,51,53,55,46,29,50,39,50
2016012807,53,60,51,46,53,57,60,40,47,44,48,56,37,32,50,57,48,52,64,57,40,34,51,51,44
2016012808,51,60,51,46,48,58,55,46,48,55,50,62,36,41,53,50,56,55,71,53,44,29,51,45,46
2016012809,54,63,64,50,57,59,53,57,55,59,53,65,44,40,49,57,58,55,86,63,46,42,52,52,61
2016012810,57,74,66,81,57,55,58,65,67,64,52,64,64,40,48,58,59,53,104,34,47,45,53,53,60
2016012811,51,70,77,70,62,59,86,58,60,63,53,70,54,52,61,66,64,70,100,36,44,43,54,45,54
2016012812,64,78,69,59,64,68,76,52,67,63,61,72,40,41,50,72,70,75,83,57,43,43,54,53,57
2016012813,63,58,52,51,56,66,65,41,65,45,51,65,39,52,45,75,56,74,77,59,49,54,51,54,51
2016012814,91,56,51,47,61,62,69,40,49,0,49,60,36,45,63,75,55,68,70,64,49,64,47,46,47
2016012815,76,60,48,48,64,0,71,46,44,0,47,74,41,44,85,65,47,50,62,65,50,46,49,42,48
2016012816,60,56,49,48,59,18,76,58,44,49,47,68,35,31,84,53,34,37,77,51,28,53,46,39,46
2016012817,50,55,52,58,51,38,69,56,49,44,44,56,38,42,88,45,47,43,61,50,55,63,45,39,56
2016012818,53,60,58,79,46,51,66,45,53,59,60,43,46,73,56,57,52,46,70,68,42,87,52,63,57
2016012819,57,64,66,88,57,57,85,46,63,57,57,47,62,88,60,65,67,50,77,88,45,80,61,65,53
2016012820,65,63,69,75,73,67,87,61,68,77,85,57,59,76,62,58,69,69,74,92,49,64,69,69,70
2016012821,82,80,76,77,66,84,82,73,71,90,85,64,60,85,67,73,82,80,73,80,56,56,73,92,92
2016012822,101,99,76,92,68,85,99,70,66,80,81,70,55,85,78,102,69,94,72,103,57,70,68,79,84
2016012823,87,88,68,73,63,80,102,69,56,68,66,68,47,74,71,84,64,88,69,100,52,69,62,64,78
2016012824,74,78,62,61,61,76,79,63,51,66,60,61,54,58,58,69,56,67,61,76,46,67,59,55,67
2016012901,66,84,60,62,58,74,69,55,53,72,56,54,45,52,51,63,51,63,57,68,44,56,58,45,67
2016012902,63,77,63,58,52,60,60,53,56,73,69,51,41,50,51,62,66,60,58,54,46,56,57,48,66
2016012903,63,80,54,55,50,57,60,52,52,62,67,53,45,54,49,61,55,60,58,67,44,55,55,44,61
2016012904,61,68,50,64,49,61,63,51,45,62,62,51,46,50,53,63,50,52,65,56,40,44,53,41,58
2016012905,58,63,59,56,53,61,57,53,45,70,66,50,49,49,53,61,54,51,61,64,44,39,53,40,51
2016012906,59,68,63,60,52,62,63,55,56,59,62,51,47,45,47,63,57,51,58,62,44,39,57,44,57
2016012907,55,62,61,58,53,65,58,52,58,65,60,54,52,44,55,62,50,50,59,63,44,36,54,46,55
2016012908,61,61,62,65,53,60,56,50,58,68,67,60,51,43,0,60,51,47,57,59,49,38,59,46,54
2016012909,63,67,65,74,58,42,71,52,64,55,66,66,46,53,0,62,71,48,62,78,53,47,63,54,63
2016012910,61,61,64,84,55,48,88,54,59,61,67,70,39,49,0,60,62,47,66,81,50,58,58,45,71
2016012911,66,64,65,0,49,54,95,53,64,57,69,62,40,55,0,78,62,42,75,95,49,58,58,48,82
2016012912,78,51,65,0,52,52,71,53,72,58,61,63,42,72,0,72,61,38,77,93,48,71,59,43,100
2016012913,77,44,66,0,54,43,89,55,73,56,59,56,41,60,0,68,55,32,82,83,47,73,62,51,89
2016012914,79,37,71,77,55,39,96,49,78,56,64,57,43,55,0,73,61,30,78,87,53,57,63,47,80
2016012915,73,37,64,72,63,35,69,53,62,46,70,57,51,54,0,77,60,38,79,64,60,40,64,58,92
2016012916,40,35,54,74,59,32,61,53,56,44,67,58,48,53,0,65,64,42,78,65,56,33,62,52,75
2016012917,27,29,48,45,52,27,58,55,55,50,74,52,45,49,0,52,65,32,64,63,49,41,59,66,34
2016012918,28,24,44,0,0,25,54,43,39,54,42,36,38,47,47,24,54,27,54,48,29,48,48,52,25
2016012919,19,15,35,0,0,19,45,23,19,44,30,20,29,38,20,24,34,25,57,38,16,43,30,37,20
2016012920,16,22,13,0,33,15,25,18,16,18,20,17,19,20,16,22,29,14,63,33,16,30,22,24,19
2016012921,15,20,14,0,31,19,17,20,16,23,26,20,19,25,12,23,34,18,47,24,19,19,23,38,16
2016012922,20,20,26,0,29,19,27,19,17,28,18,26,17,20,18,31,21,22,25,24,14,16,19,27,14
2016012923,25,19,38,44,23,19,24,20,21,30,20,21,16,18,21,23,24,16,26,20,15,20,19,24,21
2016012924,16,18,30,37,25,18,22,16,22,36,27,21,20,17,17,26,31,20,32,28,17,24,25,27,13
2016013001,19,10,27,45,21,18,19,19,23,43,41,17,19,33,15,23,28,18,37,50,17,16,28,28,23
2016013002,24,18,27,29,23,19,38,17,22,32,38,17,20,37,21,36,28,17,36,43,22,21,25,24,25
2016013003,35,21,25,34,29,23,35,20,24,34,36,20,30,38,26,38,28,20,32,46,21,20,25,22,23
2016013004,31,22,25,25,24,25,41,21,24,35,30,19,35,32,23,30,25,22,34,42,22,16,23,23,24
2016013005,30,19,24,20,31,21,33,20,19,26,29,21,30,40,27,35,22,26,31,34,20,20,25,20,22
2016013006,30,24,23,21,29,26,27,25,20,27,29,21,33,28,31,33,23,21,25,24,20,22,23,25,23
2016013007,29,27,24,20,34,28,22,27,22,26,29,24,28,34,28,29,19,27,21,25,19,16,26,27,19
2016013008,30,34,32,21,32,29,29,31,24,30,30,29,30,36,30,36,26,28,25,33,23,24,27,31,24
2016013009,33,39,37,24,35,38,34,35,26,35,31,37,30,42,42,42,31,0,35,31,31,27,29,37,25
2016013010,39,45,44,43,43,35,34,43,27,36,31,39,39,43,46,31,38,0,52,35,34,26,35,43,25
2016013011,37,51,48,44,46,30,42,58,28,46,38,38,51,71,62,42,30,62,58,45,41,40,34,63,42
2016013012,36,41,30,32,51,29,56,56,27,26,31,40,50,44,53,38,20,31,50,39,47,36,30,56,39
2016013013,34,24,24,34,43,33,41,45,21,12,39,42,36,41,48,23,29,27,44,43,39,29,35,31,35
2016013014,28,34,30,22,41,32,40,34,28,23,30,37,25,23,37,33,28,17,38,33,33,32,29,27,35
2016013015,33,30,32,29,41,36,35,39,33,26,33,33,28,28,36,35,25,24,39,39,31,27,31,26,41
2016013016,38,40,28,31,44,37,48,40,30,25,38,38,30,35,50,46,39,28,38,41,35,35,33,33,43
2016013017,44,46,31,36,44,44,44,45,31,32,41,39,32,40,51,48,41,35,42,50,37,43,39,34,41
2016013018,43,41,36,55,43,42,45,48,34,36,39,38,32,42,45,54,43,41,41,48,32,49,41,37,37
2016013019,42,37,40,66,56,36,66,62,37,44,46,46,46,57,42,39,47,34,58,61,43,66,50,45,43
2016013020,55,48,40,61,63,54,68,63,38,39,62,57,48,62,47,62,49,44,59,60,47,69,62,59,50
2016013021,72,64,41,59,68,64,92,60,35,44,63,59,55,80,55,58,58,69,62,78,53,64,63,62,61
2016013022,78,68,58,82,62,68,83,63,49,61,68,63,56,84,73,84,64,70,69,92,58,69,69,83,61
2016013023,85,67,62,76,66,72,82,63,57,70,68,64,51,80,84,84,71,75,68,90,58,67,72,82,62
2016013024,77,73,67,62,54,71,69,55,60,70,68,61,45,64,60,79,58,75,58,65,50,62,66,71,65
2016013101,60,71,66,51,54,65,54,43,56,75,67,53,40,66,48,70,50,60,48,58,43,51,63,59,57
2016013102,57,73,62,45,47,62,50,43,55,70,67,48,38,53,47,66,63,60,44,55,45,60,58,56,66
2016013103,57,64,63,43,46,59,46,42,49,68,62,43,38,57,44,61,66,50,46,58,42,59,54,55,62
2016013104,49,59,54,47,39,57,46,39,52,58,59,42,35,48,41,51,56,53,42,44,37,54,55,46,58
2016013105,41,53,43,31,31,49,29,27,47,49,53,33,25,39,32,43,43,42,32,34,30,38,44,41,48
2016013106,40,38,35,28,26,35,32,30,36,39,35,24,31,38,28,36,42,31,33,33,45,26,36,36,38
2016013107,39,38,26,37,31,37,31,35,29,28,34,30,22,32,25,36,23,34,39,32,23,34,34,35,32
2016013108,30,36,23,33,30,35,31,33,33,27,27,30,23,31,32,29,23,25,36,30,23,30,35,30,29
2016013109,34,36,22,27,31,34,35,30,33,26,26,28,25,31,35,33,27,29,35,31,25,29,29,28,32
2016013110,31,30,16,33,31,27,31,31,20,25,20,28,26,26,37,26,17,29,38,38,25,23,29,26,19
2016013111,32,35,15,35,35,34,38,35,17,19,30,32,27,35,45,35,26,30,39,33,31,29,29,31,25
2016013112,22,37,20,27,41,35,39,39,19,24,30,35,25,36,39,32,27,35,39,33,29,26,33,30,31
2016013113,39,38,22,39,44,37,42,38,22,30,36,38,28,36,35,34,31,31,44,27,33,28,32,25,39
2016013114,33,33,24,42,46,36,39,36,23,29,37,37,30,27,37,34,47,29,46,47,32,33,32,28,33
2016013115,36,38,30,38,44,36,42,38,28,28,38,37,30,33,40,44,36,30,47,55,33,16,35,34,35
2016013116,37,35,29,40,46,36,51,39,30,34,34,41,30,47,45,47,35,35,44,55,34,34,31,27,31
2016013117,40,34,33,39,47,37,55,43,35,47,39,41,33,43,36,55,39,35,47,55,27,40,36,31,34
2016013118,45,40,39,53,49,40,59,45,37,40,38,39,36,47,46,49,44,36,45,63,31,40,35,35,43
2016013119,50,43,33,46,48,39,46,41,35,43,38,40,28,48,46,53,36,37,38,47,30,45,38,46,36
2016013120,47,39,35,43,37,43,46,35,34,41,36,39,29,40,43,48,41,44,38,44,27,42,41,42,40
2016013121,42,41,34,28,34,43,53,31,35,42,39,36,24,40,49,49,42,30,35,34,26,33,37,53,36
2016013122,40,46,34,41,32,39,42,31,33,39,39,31,23,43,41,45,36,40,35,44,24,39,36,38,39
2016013123,41,36,43,43,34,43,41,34,36,42,38,36,29,45,43,43,42,38,35,49,28,40,44,43,38
2016013124,46,46,39,41,34,41,42,33,39,40,38,36,27,42,40,48,43,39,33,34,31,39,43,45,42
