date,Gangnamgu,Gangdonggu,Gangbukgu,Gangseogu,Gwanakgu,Gwangjingu,Gurogu,Geumcheongu,Nowongu,Dobonggu,Dongdaemungu,Dongjakgu,Mapogu,Seodaemungu,Seochogu,Seongdonggu,Seongbukgu,Songpagu,Yangcheongu,Yeongdeungpogu,Yongsangu,Eunpyeonggu,Jongnogu,Junggu,Jungnanggu
2016070101,38,33,77,32,55,36,0,48,55,48,39,33,54,48,35,38,38,32,42,65,39,60,31,39,42
2016070102,39,46,83,0,52,43,0,43,52,54,48,36,46,50,44,42,42,34,47,44,40,54,33,44,52
2016070103,19,42,57,27,33,38,0,28,48,45,40,23,32,28,20,28,33,29,37,31,29,39,27,28,37
2016070104,17,20,34,28,42,22,0,33,32,21,27,24,35,23,15,16,26,17,32,17,34,26,10,18,20
2016070105,25,36,45,25,43,33,0,41,36,32,38,31,47,31,0,31,31,30,41,36,41,29,24,32,26
2016070106,16,19,50,25,27,32,0,25,35,33,20,19,31,24,15,21,32,15,39,19,26,38,15,22,30
2016070107,12,27,22,15,25,26,0,22,24,18,15,16,23,19,15,14,24,25,22,15,23,15,8,14,21
2016070108,27,19,26,25,27,29,0,26,25,22,20,19,25,19,17,25,19,23,25,17,24,16,14,20,23
2016070109,17,24,34,27,22,25,0,23,24,23,23,17,26,0,22,26,34,21,28,18,22,17,15,24,19
2016070110,11,22,26,22,21,22,0,17,21,16,12,12,23,28,13,29,23,15,19,13,22,23,10,22,15
2016070111,14,13,21,0,23,24,0,16,16,15,10,10,22,19,12,16,28,18,18,12,18,15,9,21,11
2016070112,15,24,17,29,20,20,0,20,15,17,19,13,25,19,20,30,11,18,18,0,20,20,12,20,14
2016070113,26,27,25,18,26,22,0,22,20,21,30,14,28,27,30,28,24,21,21,0,28,29,19,33,40
2016070114,35,33,39,26,27,24,0,23,30,32,37,16,31,27,41,37,34,22,26,35,29,38,23,27,39
2016070115,28,37,34,33,28,27,0,19,21,23,26,16,30,20,35,30,24,20,28,38,27,25,27,29,29
2016070116,17,15,37,0,18,27,0,15,22,19,14,13,22,18,15,23,33,16,21,27,24,32,22,24,18
2016070117,6,10,4,9,14,11,0,9,8,10,8,4,11,0,10,8,3,10,10,12,16,4,6,6,8
2016070118,7,6,8,12,14,13,0,11,8,10,6,5,14,7,5,13,5,6,12,16,16,13,7,10,3
2016070119,7,9,8,8,16,11,0,13,7,14,7,5,15,6,3,12,7,10,11,21,15,13,7,12,7
2016070120,6,4,5,0,20,11,0,9,6,6,6,4,12,8,0,7,7,4,10,26,13,15,8,13,6
2016070121,6,4,2,11,19,8,0,10,5,3,3,4,13,3,14,7,7,6,7,27,13,0,7,7,6
2016070122,13,9,6,12,8,11,0,8,3,5,4,5,13,13,11,14,9,14,10,20,10,0,6,7,7
2016070123,13,5,3,8,10,8,0,8,2,2,11,4,11,5,11,7,10,4,8,15,13,0,5,9,14
2016070124,5,4,2,13,13,8,0,14,0,4,0,4,7,4,3,8,7,10,6,9,9,0,1,8,4
2016070201,5,7,2,9,20,6,0,22,0,9,8,9,12,0,8,7,2,7,5,23,13,0,3,3,
2016070202,11,17,1,13,13,14,0,24,2,8,13,15,21,0,13,17,4,17,11,19,25,0,10,14,15
2016070203,10,16,4,3,6,15,0,12,5,13,13,8,10,9,7,15,2,13,9,13,17,0,8,8,17
2016070204,8,10,9,8,11,13,0,11,7,10,7,6,10,7,5,6,7,9,6,10,12,0,1,10,10
2016070205,7,8,13,11,17,11,0,13,8,13,7,8,9,5,11,8,4,17,5,5,8,0,3,4,3
2016070206,10,1,11,19,11,11,0,9,9,13,8,5,9,9,6,7,11,13,6,6,11,0,4,12,3
2016070207,4,8,2,0,9,9,0,4,5,10,4,3,8,0,4,10,4,9,3,0,9,0,,4,8
2016070208,9,9,1,0,9,8,0,6,2,5,7,3,10,0,2,7,9,9,7,7,10,0,2,3,6
2016070209,2,7,1,0,18,10,0,11,0,2,0,5,14,14,14,13,5,4,14,11,13,0,3,8,6
2016070210,9,8,1,12,16,11,0,13,4,1,9,8,21,9,5,5,14,13,15,11,20,0,19,11,
2016070211,13,17,6,15,15,18,0,11,2,5,22,5,19,17,13,23,17,12,12,15,14,0,21,16,23
2016070212,8,10,10,0,13,11,0,11,10,17,11,4,15,11,6,9,19,10,10,3,15,0,7,11,13
2016070213,9,9,9,8,20,11,0,15,7,16,11,8,15,15,10,8,16,7,11,21,20,0,8,15,11
2016070214,12,19,4,0,20,16,0,13,6,6,15,11,16,15,14,17,13,20,9,8,19,0,12,18,15
2016070215,16,16,8,18,21,15,0,14,9,16,13,9,17,9,14,17,16,15,11,17,19,0,14,21,12
2016070216,18,16,8,8,16,17,0,15,10,19,20,13,22,11,13,18,11,21,13,18,19,0,18,17,19
2016070217,17,28,14,10,22,20,0,12,10,13,15,12,18,11,19,20,19,21,14,20,19,0,12,15,24
2016070218,24,26,10,0,25,21,0,18,11,16,19,14,21,18,22,26,21,25,14,23,21,0,14,18,22
2016070219,32,29,18,23,21,22,0,17,16,22,26,18,23,23,25,39,18,24,12,36,20,0,20,25,37
2016070220,26,31,15,27,25,22,0,17,18,21,17,12,18,17,18,27,25,20,13,20,19,0,15,22,27
2016070221,24,22,16,29,30,16,0,15,19,24,21,11,24,35,25,27,23,16,17,18,20,0,16,16,30
2016070222,27,20,16,13,29,18,0,14,18,30,17,13,17,19,24,23,17,21,16,29,19,0,13,21,29
2016070223,17,19,12,13,24,19,0,18,13,15,16,14,18,18,17,21,16,20,15,24,17,0,10,15,18
2016070224,18,16,12,28,21,17,0,21,14,12,13,14,21,23,18,21,16,15,13,18,19,0,12,16,17
2016070301,17,27,14,0,22,18,0,19,13,4,24,14,21,15,16,15,24,15,18,25,20,0,11,12,27
2016070302,23,23,13,29,29,16,0,21,13,18,16,17,22,22,17,15,29,15,20,19,18,0,11,16,24
2016070303,21,16,18,26,28,19,0,25,17,19,19,19,24,19,21,21,18,16,30,28,28,0,14,22,16
2016070304,22,19,27,39,35,22,0,25,18,18,23,22,30,28,20,22,22,18,30,26,29,0,16,23,23
2016070305,25,31,31,43,43,26,0,39,21,24,27,26,40,31,26,31,27,25,44,48,32,0,20,30,26
2016070306,30,28,35,50,63,27,0,54,31,33,37,45,44,39,38,31,44,20,58,46,36,0,27,34,32
2016070307,42,35,43,61,65,36,0,60,34,33,43,58,51,41,0,41,31,34,71,61,40,0,30,44,29
2016070308,42,37,48,50,72,38,0,66,37,40,40,58,60,58,0,47,36,43,70,54,47,0,38,51,36
2016070309,36,31,49,52,64,35,0,57,36,34,43,45,60,59,35,47,57,33,58,59,41,0,41,49,30
2016070310,39,42,50,47,60,35,0,49,36,41,35,41,49,58,44,46,47,43,49,54,41,0,37,43,40
2016070311,39,43,47,50,56,38,0,54,32,40,41,39,45,46,50,44,43,42,51,53,46,0,35,45,39
2016070312,54,51,47,56,51,46,0,51,32,44,43,34,48,47,53,56,55,53,54,67,51,0,38,51,52
2016070313,53,52,56,62,46,48,0,46,38,50,55,38,45,49,43,55,39,60,48,51,45,0,43,48,59
2016070314,49,65,58,39,44,47,0,42,44,53,46,36,42,45,47,52,54,50,45,50,44,0,39,54,60
2016070315,53,59,53,56,50,46,0,43,47,56,52,40,43,47,51,65,60,58,45,47,42,0,35,47,55
2016070316,51,40,50,50,51,45,0,48,43,48,43,45,43,43,54,48,51,52,44,44,49,0,44,47,51
2016070317,51,36,48,44,54,36,0,54,27,48,47,44,55,53,51,58,53,37,45,54,53,0,47,57,34
2016070318,28,41,27,42,54,27,0,47,24,33,34,46,44,46,42,40,37,38,44,59,44,0,31,48,36
2016070319,39,32,27,62,56,30,0,51,23,31,26,41,45,44,53,42,49,28,51,68,39,0,29,38,38
2016070320,40,40,35,67,55,29,0,49,30,42,39,40,45,50,35,49,56,34,60,74,36,0,31,44,52
2016070321,45,38,34,92,45,29,0,43,33,45,36,32,40,54,38,54,48,46,60,71,38,0,29,49,45
2016070322,50,45,39,80,46,31,0,37,29,41,42,32,36,50,46,54,22,42,68,55,40,0,34,47,44
2016070323,47,42,41,65,44,32,0,37,29,43,48,34,48,53,48,51,14,47,87,0,40,0,37,44,40
2016070324,49,49,47,69,45,35,0,41,32,33,42,40,43,47,42,50,37,40,96,0,42,0,39,45,43
2016070401,48,38,46,54,42,39,0,40,35,43,48,40,38,47,45,44,61,42,87,58,43,0,37,45,32
2016070402,45,48,45,47,43,38,0,43,35,42,46,38,38,42,44,38,49,34,57,30,39,0,31,34,40
2016070403,38,46,41,42,40,34,0,39,31,45,42,38,36,36,34,40,48,32,42,40,42,0,29,39,40
2016070404,38,44,40,48,36,34,0,36,35,43,39,37,35,32,32,38,37,36,37,39,40,0,28,34,41
2016070405,34,43,41,43,36,33,0,33,35,37,45,35,35,31,26,27,36,32,33,34,36,0,29,32,30
2016070406,35,32,41,42,35,31,0,35,35,39,38,31,35,34,32,34,39,35,33,34,36,0,32,40,37
2016070407,33,36,34,24,35,27,0,31,33,32,32,29,30,32,25,31,37,29,30,31,30,0,29,29,29
2016070408,25,28,35,17,33,25,0,29,30,34,29,26,30,22,32,30,38,30,27,27,27,0,24,29,19
2016070409,25,28,24,26,29,20,0,29,19,30,20,22,31,29,20,24,26,24,22,26,25,0,21,24,26
2016070410,28,33,21,26,34,21,0,25,12,19,28,21,28,24,27,27,38,26,22,28,27,0,20,29,23
2016070411,30,32,21,28,27,23,0,20,18,24,24,18,28,23,29,30,24,21,23,30,29,0,21,34,36
2016070412,27,18,22,26,26,20,0,12,18,22,32,15,23,25,29,30,30,18,22,39,22,0,20,0,26
2016070413,20,12,22,33,22,18,0,10,19,28,20,11,20,16,19,19,17,8,18,24,22,0,16,0,24
2016070414,9,15,13,0,21,15,0,9,12,16,18,7,24,16,7,15,21,9,18,19,15,0,13,15,20
2016070415,18,15,9,27,18,14,0,10,9,10,21,9,24,16,12,14,16,8,13,22,18,0,13,24,15
2016070416,0,9,11,9,16,13,0,7,8,15,16,7,20,10,16,17,17,7,13,15,17,0,11,17,14
2016070417,0,17,9,0,19,11,0,7,9,15,10,7,16,14,10,13,13,9,14,22,18,0,10,14,10
2016070418,11,9,6,0,16,10,0,10,5,6,8,7,12,2,5,11,13,8,13,6,12,4,7,8,8
2016070419,8,6,6,16,13,9,0,12,4,11,10,6,10,3,11,5,9,8,9,12,12,1,6,5,12
2016070420,6,5,4,0,21,6,0,14,3,9,7,7,12,0,5,8,15,8,10,12,13,1,6,9,3
2016070421,11,8,7,22,19,8,0,11,3,0,6,7,10,0,15,9,10,1,10,14,13,5,6,10,5
2016070422,6,6,5,13,14,7,0,8,3,9,7,7,7,6,10,14,11,8,7,11,8,1,5,12,9
2016070423,8,2,5,14,14,8,0,4,2,12,7,5,8,6,9,7,6,7,6,11,10,7,5,8,1
2016070424,10,4,1,0,11,6,0,6,1,1,3,3,6,0,3,3,1,3,5,6,7,1,2,6,2
2016070501,7,4,1,3,11,2,0,5,1,4,4,2,5,4,5,1,11,6,5,3,7,1,2,5,7
2016070502,2,3,1,0,9,5,0,5,2,13,6,2,6,0,4,5,2,3,3,5,7,6,2,2,2
2016070503,2,2,1,0,12,5,0,8,2,7,1,3,4,0,10,7,1,4,3,10,9,4,1,5,9
2016070504,9,3,1,10,17,7,0,11,1,1,7,6,9,0,9,4,4,5,6,15,14,4,4,6,7
2016070505,13,16,3,0,15,6,0,11,4,8,13,7,12,17,13,18,11,9,11,12,13,9,8,9,14
2016070506,12,16,7,13,21,8,0,13,9,14,13,8,15,14,13,14,9,12,18,11,19,13,11,13,17
2016070507,17,12,14,22,20,14,0,16,10,12,19,8,17,11,16,18,18,12,18,26,19,19,12,21,17
2016070508,19,19,2,6,15,14,0,14,3,7,13,8,15,16,14,20,15,16,16,20,18,18,9,13,22
2016070509,16,20,1,19,25,14,0,24,3,3,21,10,19,12,20,15,19,17,17,23,25,18,13,21,24
2016070510,7,18,1,3,14,18,0,14,4,9,2,6,10,0,11,13,7,19,7,3,12,6,7,6,4
2016070511,10,8,4,0,14,16,0,8,3,6,12,3,13,0,11,13,7,6,5,13,19,7,6,4,9
2016070512,12,12,7,3,20,18,0,14,5,6,9,3,13,8,21,8,11,6,13,11,24,9,10,15,17
2016070513,14,8,12,12,13,10,0,16,9,20,14,6,17,17,12,20,13,13,12,11,22,9,14,19,15
2016070514,12,15,7,0,14,0,,17,7,3,15,8,19,9,30,17,11,8,13,14,17,6,13,17,23
2016070515,16,12,17,0,21,19,0,22,13,11,16,9,23,9,7,12,14,13,20,22,29,27,18,15,6
2016070516,18,17,6,20,12,21,0,23,8,11,26,11,22,0,27,19,16,10,19,20,32,7,20,18,24
2016070517,17,9,0,8,9,22,13,19,9,2,18,8,22,15,26,23,9,12,22,18,24,18,10,16,6
2016070518,17,28,0,,17,22,14,19,8,13,13,11,20,12,12,14,15,17,23,16,20,14,11,11,19
2016070519,17,11,8,22,16,22,17,23,8,9,13,15,25,18,11,13,12,13,26,18,25,23,11,18,23
2016070520,13,18,8,16,22,20,16,18,8,11,9,12,23,0,,15,17,18,21,41,23,17,10,15,7
2016070521,23,16,11,23,18,17,17,16,8,7,14,11,22,0,18,16,14,11,21,35,23,16,9,18,3
2016070522,17,7,7,23,20,15,16,13,8,10,0,10,23,22,14,24,14,19,23,26,23,18,4,18,13
2016070523,14,15,6,22,21,13,16,13,7,7,11,6,20,19,9,22,10,18,19,29,16,19,4,22,14
2016070524,17,5,2,22,22,11,17,17,8,5,11,10,18,16,16,11,4,10,19,24,20,22,11,18,13
2016070601,10,12,4,31,27,9,14,23,5,16,11,18,20,23,20,14,2,8,15,16,21,28,9,16,9
2016070602,5,9,4,12,30,9,18,20,6,14,14,21,24,22,11,14,7,3,18,18,15,31,9,13,7
2016070603,4,10,6,26,29,9,18,19,7,7,11,13,20,21,13,8,15,8,20,24,16,20,9,14,11
2016070604,8,8,6,16,31,9,14,20,6,13,12,14,17,17,7,8,9,8,17,14,17,23,10,15,10
2016070605,12,6,7,15,24,11,16,18,8,17,12,14,18,8,10,15,13,7,17,18,21,25,10,11,17
2016070606,11,8,7,11,22,11,16,20,10,14,12,14,19,11,10,11,13,16,20,19,16,12,11,12,13
2016070607,14,13,11,13,22,13,16,18,11,15,13,13,22,19,10,18,11,10,20,18,22,18,13,18,19
2016070608,15,18,15,22,23,15,16,22,13,18,19,16,23,18,15,17,25,13,18,23,19,20,13,18,14
2016070609,19,18,16,17,25,18,13,25,17,20,17,15,19,12,13,18,18,18,13,12,21,20,12,15,16
2016070610,13,24,16,14,20,23,7,20,15,18,11,13,15,29,13,11,15,16,14,9,18,18,6,15,16
2016070611,15,18,15,13,19,17,17,16,12,15,13,10,21,21,15,10,17,18,10,9,16,18,7,13,10
2016070612,10,12,12,5,20,18,14,16,9,13,15,7,17,25,11,19,17,19,7,18,16,5,7,16,25
2016070613,15,16,13,0,18,15,13,12,10,13,10,9,17,0,15,19,22,13,13,16,15,16,10,15,21
2016070614,0,27,10,27,26,18,15,18,11,14,20,14,16,0,,13,23,22,13,14,18,27,7,21,19
2016070615,0,31,12,18,28,26,0,,11,17,18,22,18,14,0,28,15,22,12,24,21,17,12,22,31
2016070616,31,37,14,16,25,27,25,0,12,13,29,21,22,19,34,27,21,26,14,23,23,20,18,18,38
2016070617,22,29,13,0,24,27,22,0,9,18,21,18,20,18,22,20,18,22,13,21,19,14,14,19,23
2016070618,24,23,14,0,25,20,19,0,10,18,17,18,20,19,26,23,19,13,13,17,24,20,13,21,19
2016070619,27,28,16,30,28,22,18,16,14,18,21,16,19,18,27,27,20,24,17,34,23,22,15,17,34
2016070620,26,26,16,21,28,21,20,14,17,28,24,16,24,19,17,27,26,23,22,47,21,34,18,32,36
2016070621,38,29,10,13,21,21,14,14,15,18,21,15,14,21,26,36,14,29,14,38,21,18,17,13,31
2016070622,20,27,8,22,25,20,17,17,15,13,6,13,18,12,16,27,12,26,13,43,21,30,10,14,24
2016070623,22,22,11,17,26,17,26,21,16,26,12,11,21,14,16,21,9,17,17,45,20,22,12,14,22
2016070624,25,24,16,28,29,18,12,29,14,29,23,16,18,18,24,24,14,23,15,27,25,24,14,20,28
2016070701,19,29,15,23,29,14,33,26,16,30,16,19,22,18,25,27,16,20,18,26,26,12,15,22,6
2016070702,20,24,16,8,27,15,20,16,15,31,25,15,22,27,29,28,18,16,14,21,26,22,17,17,20
2016070703,30,23,20,19,21,18,18,15,16,20,22,13,17,9,22,27,17,19,11,17,25,25,15,20,25
2016070704,24,23,19,14,21,20,15,20,14,23,14,14,15,17,23,26,15,21,15,12,24,20,10,15,24
2016070705,20,30,22,19,22,22,17,17,18,26,25,13,19,15,18,23,19,22,16,18,20,22,11,18,28
2016070706,28,39,18,26,27,25,19,19,18,20,18,15,20,16,20,19,22,21,21,23,26,22,13,17,27
2016070707,27,34,16,22,32,28,21,24,18,20,25,16,22,19,22,28,23,21,21,15,26,21,12,18,33
2016070708,32,35,17,33,46,28,25,38,17,23,27,20,34,20,25,32,19,31,22,29,26,8,18,21,31
2016070709,35,42,25,30,38,30,33,45,21,23,31,26,31,28,44,29,23,32,24,33,30,23,22,34,28
2016070710,43,46,29,26,35,37,32,33,25,31,34,26,35,23,44,39,33,35,31,30,27,27,21,31,37
2016070711,39,42,34,38,34,41,24,35,24,24,34,25,35,31,36,28,37,42,29,35,28,27,22,32,33
2016070712,26,44,34,24,27,32,36,25,26,28,43,21,28,35,42,30,41,37,33,26,31,36,32,38,31
2016070713,8,14,34,35,31,20,20,17,30,29,22,10,29,25,0,21,35,24,26,21,26,18,27,28,14
2016070714,29,34,38,28,0,30,35,32,29,37,26,29,32,34,33,25,35,39,34,37,0,35,25,33,17
2016070715,45,40,41,66,39,36,51,40,32,35,37,36,51,56,54,27,47,39,47,51,0,56,42,57,40
2016070716,64,59,48,67,65,49,76,54,33,45,75,41,72,61,0,56,63,45,65,83,55,63,57,76,59
2016070717,59,60,55,57,66,49,49,59,44,65,76,47,66,69,67,62,66,52,51,62,65,76,63,75,73
2016070718,77,61,65,50,64,49,57,55,52,72,73,51,50,56,78,73,81,45,44,62,69,68,54,59,81
2016070719,69,70,72,47,68,61,53,55,57,70,49,45,42,45,57,64,66,53,34,53,56,74,47,45,69
2016070720,57,74,67,57,67,55,41,58,61,74,49,47,37,50,52,60,54,63,36,61,50,56,50,53,62
2016070721,72,78,62,68,75,58,60,63,65,64,48,47,46,65,60,51,56,73,43,77,47,61,47,67,63
2016070722,100,67,61,82,79,67,96,65,64,60,63,50,68,75,79,84,51,77,57,97,59,51,61,83,82
2016070723,99,88,73,66,78,71,81,69,74,69,100,60,77,73,0,92,50,67,65,103,75,47,77,87,69
2016070724,85,92,77,66,73,75,91,63,86,75,124,66,72,70,72,77,57,60,65,75,79,62,76,84,75
2016070801,74,71,85,81,77,74,85,66,90,0,113,65,65,69,65,73,80,59,66,70,74,70,73,63,109
2016070802,58,84,91,52,77,71,85,72,83,0,105,67,72,66,64,64,76,59,66,73,80,77,69,76,86
2016070803,60,83,86,70,83,75,67,76,84,70,105,67,81,72,73,61,70,59,74,75,81,74,73,72,70
2016070804,59,58,92,56,82,76,62,77,78,65,79,68,87,65,66,51,61,48,82,70,78,61,83,67,58
2016070805,60,51,89,69,77,73,69,72,81,62,73,68,84,66,66,64,66,49,84,66,80,65,76,67,53
2016070806,54,57,92,47,90,71,59,76,84,57,65,71,99,64,72,57,64,46,98,67,86,63,70,66,61
2016070807,53,47,104,52,97,73,65,77,89,71,71,71,94,68,70,67,63,44,97,71,87,54,74,70,80
2016070808,57,54,111,70,94,81,64,80,76,58,58,63,98,56,71,51,65,46,106,74,83,49,64,65,50
2016070809,61,55,110,67,89,88,58,73,82,58,52,59,86,59,69,63,62,63,116,60,81,78,69,56,38
2016070810,47,48,99,56,67,62,0,60,75,57,39,47,76,58,54,63,62,52,93,64,69,63,66,37,39
2016070811,27,54,79,58,59,49,62,49,61,52,0,44,68,52,59,48,63,52,63,70,60,67,52,38,51
2016070812,37,55,75,73,42,43,65,43,55,61,36,41,69,48,65,82,59,51,56,64,55,58,51,52,43
2016070813,73,42,67,92,49,37,68,34,50,0,40,30,60,70,41,77,61,42,59,49,61,47,54,58,51
2016070814,80,51,57,60,48,0,57,43,45,0,39,33,49,69,53,69,59,44,46,49,51,56,0,61,
2016070815,64,55,32,56,63,0,55,27,41,0,,33,57,72,49,50,33,51,45,54,48,43,0,69,63
2016070816,60,69,22,17,22,43,32,43,0,16,34,26,41,40,54,47,32,55,40,30,49,28,0,70,64
2016070817,42,54,21,16,23,34,19,31,0,17,29,19,31,31,47,36,23,53,31,32,38,28,18,36,18
2016070818,38,51,22,22,30,30,22,24,7,37,33,22,33,34,50,27,27,33,26,40,40,39,24,32,20
2016070819,30,33,29,28,33,26,37,21,24,37,33,18,27,34,36,39,27,25,23,56,32,22,27,32,39
2016070820,40,41,34,48,43,26,39,22,25,39,42,21,36,41,32,38,41,30,38,57,38,45,32,37,52
2016070821,41,45,30,64,50,25,51,34,26,40,41,24,42,55,45,46,32,29,39,70,40,61,32,46,43
2016070822,50,40,32,58,41,27,50,39,27,35,38,25,43,59,60,38,37,34,40,77,48,52,33,50,46
2016070823,50,37,30,57,51,27,58,41,29,41,40,28,49,49,55,48,38,28,48,70,38,51,34,49,40
2016070824,60,43,35,75,54,29,63,48,32,37,46,33,48,55,60,60,27,37,53,73,47,43,34,51,43
2016070901,57,49,35,59,60,30,60,56,30,54,39,36,57,51,61,49,41,42,58,59,47,37,35,54,46
2016070902,60,49,40,63,59,36,58,56,35,48,43,36,60,53,57,51,34,41,61,67,48,43,29,54,45
2016070903,56,48,43,55,65,36,54,59,31,49,40,39,59,45,57,48,39,38,63,58,45,45,25,36,43
2016070904,30,39,44,48,66,34,53,60,34,48,48,39,56,38,53,43,40,35,61,55,48,44,33,39,42
2016070905,36,37,46,48,64,37,48,58,35,47,44,38,46,37,52,38,48,38,64,47,46,37,36,42,40
2016070906,35,35,53,52,67,32,48,57,37,53,44,40,47,40,55,36,52,29,65,56,44,35,39,37,42
2016070907,36,32,49,48,66,32,55,57,40,48,50,35,55,45,73,46,53,32,63,62,44,42,39,54,47
2016070908,41,30,49,54,68,30,47,59,42,46,38,30,59,38,69,20,51,37,61,46,42,25,38,49,33
2016070909,51,50,51,62,68,34,50,59,38,50,54,33,61,49,82,52,55,35,58,42,46,56,47,59,39
2016070910,49,47,52,70,54,41,35,50,38,55,62,37,56,58,69,69,68,51,47,53,53,47,40,33,45
2016070911,54,43,48,57,42,36,40,36,37,49,49,28,44,46,48,62,57,50,35,22,49,37,25,33,46
2016070912,37,54,31,34,37,37,36,25,32,29,16,26,38,48,48,40,43,43,33,46,46,31,30,43,52
2016070913,33,40,18,24,33,37,23,24,24,20,23,25,37,41,45,40,22,40,22,23,40,19,28,39,50
2016070914,37,40,18,31,21,24,22,27,16,17,30,20,27,32,37,34,26,33,39,25,30,32,27,33,15
2016070915,24,27,21,34,38,26,0,40,15,30,20,22,24,16,0,29,24,29,32,39,28,14,19,18,30
2016070916,19,23,24,19,33,20,0,42,19,26,23,22,21,16,43,26,21,19,32,33,24,17,18,23,20
2016070917,29,30,28,0,34,21,43,36,25,45,31,25,33,35,53,31,32,18,31,53,32,41,23,34,32
2016070918,46,33,31,36,38,28,51,27,26,40,47,23,37,53,64,40,38,24,33,62,39,54,30,50,43
2016070919,49,45,33,53,41,30,43,25,25,36,56,24,34,43,42,60,43,33,40,58,46,45,32,45,65
2016070920,37,46,30,35,36,32,32,34,29,41,33,23,31,42,28,48,39,33,24,41,32,36,25,27,52
2016070921,45,35,22,0,30,26,32,30,22,30,23,20,26,41,38,37,31,28,20,34,29,31,22,23,29
2016070922,34,30,21,26,29,26,32,33,22,25,27,19,21,32,35,39,28,28,21,40,32,29,24,34,32
2016070923,34,32,21,15,29,26,18,31,21,23,25,21,21,27,29,35,21,28,14,33,31,37,23,30,37
2016070924,30,36,18,17,33,24,27,27,24,26,29,17,21,21,28,28,33,27,15,21,24,40,27,23,40
2016071001,24,37,22,26,29,22,27,29,22,14,22,15,22,30,26,37,30,27,20,29,27,42,25,22,36
2016071002,26,37,24,38,34,25,30,27,24,35,33,13,23,20,25,27,39,32,25,34,26,34,24,24,34
2016071003,28,35,24,33,38,27,34,28,24,33,30,16,28,18,30,23,27,29,28,39,27,30,21,25,31
2016071004,29,33,27,23,42,25,21,36,27,31,22,17,28,28,35,28,28,28,22,27,28,28,19,30,26
2016071005,29,31,26,16,45,25,24,37,26,33,33,20,25,28,37,28,28,26,24,23,30,27,22,25,27
2016071006,32,28,26,26,33,25,24,34,25,29,30,23,27,20,40,33,29,28,24,25,30,27,19,28,32
2016071007,24,31,26,23,34,27,21,27,28,29,25,19,23,22,27,28,32,24,23,18,29,24,17,21,28
2016071008,25,32,26,29,35,25,24,22,22,27,26,17,27,22,26,18,32,30,20,18,29,11,18,25,23
2016071009,35,32,31,34,31,29,33,26,25,31,31,18,32,32,44,34,41,34,24,27,32,30,25,29,28
2016071010,33,37,31,24,33,33,37,25,24,37,36,16,34,40,0,39,41,38,33,38,35,31,26,39,31
2016071011,44,45,36,36,31,36,36,29,27,41,46,19,37,37,52,39,44,40,34,38,34,38,33,35,36
2016071012,26,29,34,43,32,31,29,25,26,35,42,20,38,39,47,33,46,33,28,38,38,30,33,45,34
2016071013,37,35,29,23,39,24,43,26,28,54,41,24,37,35,43,36,44,33,33,43,39,18,31,41,42
2016071014,38,41,32,47,45,30,52,34,28,42,40,27,38,40,50,38,41,36,40,33,54,45,32,45,43
2016071015,38,43,31,50,55,40,63,42,26,35,41,32,34,43,62,37,57,31,46,65,42,46,31,43,57
2016071016,66,47,36,53,57,40,60,42,27,43,44,34,49,49,0,55,49,44,45,58,0,55,37,55,41
2016071017,62,57,36,38,52,43,50,40,27,44,57,30,46,55,0,64,44,49,41,59,0,65,40,58,58
2016071018,54,55,34,33,43,39,39,36,28,43,48,29,38,44,47,56,45,43,34,38,44,40,33,42,52
2016071019,43,44,36,37,41,35,40,29,31,44,44,24,36,35,34,49,46,41,31,49,41,41,32,47,45
2016071020,41,45,38,56,43,34,37,27,34,52,36,24,38,38,33,47,36,36,33,63,40,38,36,38,50
2016071021,45,42,38,40,41,34,37,28,33,41,38,27,36,37,36,48,40,26,33,0,34,37,30,42,42
2016071022,49,44,33,54,35,34,44,28,33,36,26,25,35,49,27,55,35,45,29,56,41,43,30,44,41
2016071023,49,40,33,51,35,34,38,29,34,39,35,24,35,44,27,41,44,44,30,51,35,40,31,41,44
2016071024,45,47,38,36,38,33,42,31,34,42,42,24,30,45,28,51,35,35,30,39,37,35,31,45,42
2016071101,46,0,40,41,36,37,42,36,35,46,36,25,35,48,21,43,52,38,33,52,37,37,30,43,46
2016071102,41,0,40,35,37,42,37,32,38,49,49,24,40,46,21,40,56,35,34,29,38,43,30,42,44
2016071103,47,64,41,47,42,41,37,37,39,46,41,25,39,49,28,42,52,38,35,59,42,49,31,45,56
2016071104,53,56,41,41,42,46,43,37,42,47,60,26,42,43,19,49,44,42,32,51,38,42,35,48,57
2016071105,46,53,43,38,41,47,35,36,41,48,48,27,44,41,31,48,40,43,34,43,44,40,41,44,54
2016071106,44,53,45,39,41,48,37,38,46,45,55,26,43,39,36,49,59,43,33,37,43,42,39,46,54
2016071107,48,53,52,40,41,44,42,37,47,48,56,27,43,47,54,55,48,41,35,37,43,48,43,41,51
2016071108,49,56,56,42,41,43,45,43,49,50,59,31,45,51,30,51,57,49,39,19,50,50,43,49,42
2016071109,52,64,56,37,48,47,47,48,48,45,61,31,53,50,0,52,55,50,41,64,53,47,48,55,47
2016071110,57,57,60,35,52,48,50,40,44,48,53,31,58,51,58,59,60,64,46,58,60,52,52,54,43
2016071111,69,59,67,48,51,49,61,49,46,46,54,30,53,55,54,63,57,56,53,69,51,51,45,50,39
2016071112,48,38,53,55,55,41,59,47,40,38,20,36,48,47,59,34,51,56,45,61,40,47,0,40,27
2016071113,29,48,38,39,49,38,51,45,30,40,22,30,46,51,50,41,0,46,39,57,45,36,0,52,27
2016071114,26,48,36,45,46,35,53,41,28,43,40,29,47,50,36,35,0,34,43,62,42,58,37,45,53
2016071115,40,35,38,52,45,29,41,38,33,46,46,28,46,55,0,35,0,37,46,64,40,66,35,46,49
2016071116,34,45,43,81,75,30,81,57,33,57,51,39,70,83,63,47,70,37,70,85,57,82,48,87,56
2016071117,81,47,76,68,80,39,73,61,49,90,102,56,75,105,90,62,102,28,63,97,81,104,69,97,77
2016071118,115,53,95,58,88,74,82,65,73,96,97,59,66,98,99,0,97,39,59,77,77,101,81,100,100
2016071119,110,79,72,89,69,85,83,65,68,63,104,48,56,72,41,0,97,64,67,82,52,33,72,74,125
2016071120,58,75,55,87,61,53,88,60,53,53,69,42,59,57,83,68,66,55,65,80,47,71,49,55,76
2016071121,78,78,51,79,67,55,81,58,47,59,61,37,60,58,80,74,64,58,55,80,48,66,43,64,75
2016071122,78,68,50,71,70,51,80,58,45,59,51,38,66,80,85,68,50,59,60,96,53,70,45,72,75
2016071123,85,64,42,81,77,48,80,68,42,43,45,39,61,60,98,70,46,59,66,86,56,69,32,56,64
2016071124,64,59,40,62,86,49,83,72,43,42,59,44,52,56,95,46,53,49,64,113,51,59,40,50,66
2016071201,36,41,85,54,82,34,59,61,44,74,61,51,44,55,34,51,59,29,46,82,51,57,51,63,60
2016071202,75,67,70,48,65,59,36,52,42,64,63,68,71,44,63,48,49,47,48,58,77,67,52,50,68
2016071203,50,70,78,29,40,69,21,37,76,61,86,57,52,37,67,58,45,47,38,27,67,52,62,41,78
2016071204,34,44,71,21,41,62,12,32,80,44,34,45,36,32,21,16,40,33,32,20,42,38,21,10,32
2016071205,12,31,53,28,34,46,24,32,46,36,1,43,29,18,18,26,31,34,30,19,36,28,12,23,18
2016071206,25,33,44,16,36,40,27,32,39,34,20,46,35,23,22,31,26,33,33,34,46,30,12,21,37
2016071207,35,43,41,20,39,48,25,34,42,32,38,47,28,15,37,38,20,36,35,32,52,28,21,27,36
2016071208,41,38,43,23,40,50,28,42,45,27,29,46,24,7,45,42,18,33,32,24,48,25,12,9,39
2016071209,35,35,39,23,35,48,30,36,57,24,23,29,24,10,29,38,28,29,36,19,42,9,14,16,30
2016071210,28,20,48,26,35,43,26,28,61,26,24,25,32,10,0,33,37,25,37,21,49,14,22,22,29
2016071211,28,28,49,43,39,39,41,32,54,34,42,22,30,38,22,35,43,27,34,24,40,21,31,36,35
2016071212,40,32,45,29,37,32,48,32,43,32,32,20,31,28,37,0,63,27,30,36,35,14,25,30,19
2016071213,48,35,41,40,52,39,42,38,35,35,28,23,36,38,32,0,22,39,34,49,33,22,14,27,38
2016071214,32,45,31,55,51,47,42,42,41,39,22,33,47,47,0,,31,0,51,63,41,42,29,50,51
2016071215,47,0,41,71,80,53,81,67,35,40,41,40,69,84,0,,45,36,54,79,70,77,53,74,43
2016071216,69,61,60,38,63,60,65,67,40,66,77,49,52,57,0,,79,44,51,58,57,56,59,58,61
2016071217,60,65,57,59,58,52,52,63,52,59,47,43,44,34,67,58,66,69,49,62,50,48,41,47,57
2016071218,50,48,41,34,47,36,60,37,36,46,35,35,34,46,40,50,53,50,40,60,44,43,26,34,40
2016071219,48,45,34,0,34,33,41,24,35,39,40,22,22,18,39,51,47,46,21,32,24,29,24,27,47
2016071220,39,34,25,21,32,27,37,24,26,26,17,20,16,23,10,29,27,21,18,26,20,26,20,19,24
2016071221,33,23,19,17,24,18,25,26,17,11,22,23,21,27,33,27,28,26,11,28,21,33,21,18,34
2016071222,27,25,15,19,27,19,18,26,25,19,20,18,21,24,28,32,12,25,9,20,21,33,15,24,28
2016071223,23,19,17,19,29,16,28,24,26,22,16,17,15,15,28,28,7,20,15,20,19,24,16,19,19
2016071224,17,33,17,22,27,18,26,24,23,21,20,17,15,13,21,21,24,18,20,32,19,25,14,16,25
2016071301,18,0,16,26,26,20,25,26,19,19,21,16,16,19,23,21,27,23,16,30,21,23,15,15,25
2016071302,19,0,13,22,27,25,20,26,17,24,20,16,20,23,17,18,25,31,13,29,20,24,14,23,35
2016071303,24,46,12,28,20,25,26,27,14,24,21,18,21,17,30,22,22,37,22,30,21,24,13,25,24
2016071304,26,46,12,24,24,25,28,24,14,18,17,17,20,21,23,23,16,34,27,18,25,18,14,18,34
2016071305,22,35,12,26,24,25,23,24,15,21,24,18,20,23,22,30,22,34,22,29,22,23,10,13,32
2016071306,33,33,14,31,23,19,27,21,15,20,29,15,22,20,19,35,21,31,20,32,22,20,13,20,20
2016071307,28,23,15,31,27,18,25,26,15,17,21,16,27,27,32,41,22,26,23,22,31,24,16,27,23
2016071308,31,36,17,27,27,24,24,30,17,28,27,15,31,28,35,36,22,40,28,35,27,19,23,27,24
2016071309,30,38,19,34,36,27,37,32,13,19,23,18,36,22,0,29,28,39,28,32,29,23,22,32,25
2016071310,35,45,22,40,40,34,33,34,23,36,32,24,36,40,0,37,37,36,32,34,37,29,27,31,41
2016071311,43,37,21,40,48,38,60,45,21,25,36,27,40,39,0,42,45,37,39,73,37,37,28,44,33
2016071312,38,38,24,49,63,42,56,54,20,41,40,34,33,40,0,39,41,40,38,65,30,38,29,36,37
2016071313,42,30,22,56,51,34,33,45,16,23,0,34,41,40,50,25,0,25,32,46,37,34,30,37,31
2016071314,57,38,21,27,40,43,41,34,16,23,44,27,42,51,47,0,,36,34,54,45,57,33,48,31
2016071315,33,48,35,19,35,0,25,30,26,40,42,25,0,27,0,,0,43,21,42,33,33,27,29,42
2016071316,19,29,39,18,21,0,24,0,31,44,29,19,0,39,0,33,0,24,17,19,0,36,25,35,30
2016071317,24,40,33,32,25,0,18,0,31,41,38,20,29,36,0,31,0,25,19,38,37,42,28,37,48
2016071318,34,46,23,31,34,29,36,23,22,29,35,21,30,32,0,39,0,30,21,0,27,34,29,33,38
2016071319,47,39,25,34,33,29,34,26,24,33,40,19,31,36,40,43,0,30,27,51,35,44,30,40,37
2016071320,44,43,28,35,32,31,35,29,25,43,39,20,30,36,34,42,0,32,23,25,32,42,30,37,52
2016071321,41,42,33,20,38,32,28,29,26,43,32,22,24,35,47,41,0,30,19,0,29,29,25,40,47
2016071322,39,32,25,36,35,27,37,27,26,27,26,21,26,38,43,42,16,33,31,21,30,27,20,36,21
2016071323,41,35,22,22,37,27,30,29,21,25,30,20,31,33,37,39,17,33,32,43,33,31,22,31,29
2016071324,32,32,25,29,34,29,28,32,23,28,33,20,31,35,29,37,25,30,28,38,30,24,25,34,37
2016071401,33,33,27,35,39,29,33,35,28,41,25,24,34,32,28,33,13,26,29,23,34,24,21,31,36
2016071402,31,36,27,36,38,33,30,33,29,31,39,23,37,30,28,29,22,27,34,12,37,33,23,31,39
2016071403,32,33,41,26,39,33,26,34,31,28,37,24,37,33,33,33,40,28,31,28,38,42,24,35,36
2016071404,33,33,42,37,41,33,30,40,39,44,46,27,37,34,27,33,39,33,36,34,42,39,24,30,41
2016071405,35,37,38,34,38,37,23,35,36,28,40,27,41,34,29,30,35,30,37,18,43,35,25,34,39
2016071406,37,46,36,43,42,41,32,38,33,34,37,30,40,30,51,35,45,32,41,47,41,30,23,34,37
2016071407,32,36,35,32,39,38,34,44,36,29,25,28,41,39,24,40,40,33,41,31,37,33,21,27,22
2016071408,30,28,32,35,35,33,25,34,27,30,16,21,32,34,32,17,36,33,32,0,34,39,31,32,14
2016071409,31,31,26,36,37,36,25,23,26,25,30,20,34,30,29,29,37,26,27,0,39,28,30,35,30
2016071410,25,28,22,30,33,31,29,28,31,27,18,22,32,28,0,33,52,36,26,13,32,36,25,24,12
2016071411,27,29,26,30,31,27,23,20,23,29,15,19,29,26,35,30,35,28,25,41,31,26,20,29,22
2016071412,23,28,21,38,30,22,24,26,19,21,25,20,29,27,41,27,39,29,19,40,28,20,20,32,31
2016071413,0,33,18,30,31,20,30,27,18,23,27,21,29,28,37,29,40,25,24,0,29,14,21,20,23
2016071414,0,36,22,0,30,24,31,34,21,32,28,22,31,36,0,30,24,26,24,0,29,35,22,33,33
2016071415,14,15,22,0,34,16,42,35,15,27,24,22,29,32,50,26,35,13,24,33,21,27,21,37,22
2016071416,11,7,12,0,30,13,36,36,6,19,15,15,24,20,20,14,30,9,29,24,16,14,14,15,13
2016071417,12,10,7,52,47,5,55,35,3,1,5,22,24,17,27,8,11,4,38,33,8,23,8,21,6
2016071418,12,10,7,45,44,6,44,36,7,22,11,23,38,35,34,7,25,6,32,53,37,26,8,23,27
2016071419,16,9,3,36,50,11,44,33,3,4,12,24,39,44,49,21,5,10,33,68,29,0,10,38,13
2016071420,23,21,3,49,46,11,50,40,6,11,10,21,35,41,35,12,13,11,37,104,28,37,10,41,24
2016071421,26,10,6,46,47,13,47,41,7,15,14,28,30,35,31,18,12,14,38,90,12,27,9,40,19
2016071422,27,8,3,56,50,11,53,41,9,11,3,27,38,32,29,24,13,15,37,64,31,12,13,31,11
2016071423,41,14,12,57,53,14,54,41,8,13,21,28,37,48,32,30,21,16,39,43,42,19,30,41,15
2016071424,27,20,12,49,49,17,53,42,7,23,29,26,28,37,25,40,23,21,40,40,23,26,20,39,21
2016071501,20,13,7,52,21,15,44,23,4,21,7,20,14,22,4,23,29,17,40,27,13,17,12,17,20
2016071502,11,12,6,22,21,11,10,10,4,13,10,14,14,11,28,11,18,6,14,12,10,20,8,16,7
2016071503,6,10,5,0,16,10,11,8,5,13,12,14,12,7,5,11,16,7,8,10,14,7,8,10,16
2016071504,13,16,4,14,17,13,7,13,5,9,9,14,12,6,1,14,10,8,6,19,10,15,10,11,10
2016071505,11,14,6,15,17,13,13,12,7,12,13,13,14,14,18,5,11,11,8,14,13,12,9,10,13
2016071506,15,12,7,17,17,13,12,12,5,11,14,13,14,10,7,17,11,14,11,15,19,14,10,13,16
2016071507,15,12,10,9,18,12,14,12,9,13,14,16,14,13,10,11,12,11,11,19,17,13,11,14,16
2016071508,13,19,8,20,20,13,15,12,8,11,13,16,19,14,15,20,15,20,12,15,15,13,18,17,15
2016071509,18,19,7,7,21,18,19,12,8,15,13,16,24,16,9,17,17,22,16,16,18,11,17,26,14
2016071510,16,21,13,13,19,15,20,14,8,15,13,17,24,15,12,19,22,17,15,22,15,9,15,24,19
2016071511,20,16,13,21,18,18,17,10,9,13,18,14,18,14,15,20,16,14,17,20,20,19,14,25,14
2016071512,20,17,13,25,19,15,21,10,11,0,15,21,22,19,10,19,26,18,16,24,16,18,19,19,17
2016071513,20,22,12,20,26,11,23,14,11,0,29,26,21,17,13,15,27,16,0,25,13,8,20,32,24
2016071514,22,23,12,15,25,15,26,17,13,21,22,26,19,22,10,17,26,15,0,23,17,22,9,22,26
2016071515,21,18,12,19,22,18,24,17,11,21,17,20,22,21,16,29,28,13,16,30,19,21,16,27,19
2016071516,23,23,13,29,23,17,23,19,13,22,24,21,24,22,23,23,25,19,19,21,18,20,16,28,26
2016071517,28,19,13,17,22,18,25,20,14,24,21,23,26,21,21,29,27,24,16,29,28,29,18,25,41
2016071518,31,23,13,23,23,18,31,20,14,19,19,23,26,17,18,32,28,20,21,36,23,21,18,28,30
2016071519,29,32,16,38,30,19,30,20,17,27,27,27,20,21,15,23,37,18,23,33,25,33,20,30,37
2016071520,27,34,20,27,30,20,28,18,17,23,26,26,21,29,21,29,36,27,26,40,42,30,27,33,30
2016071521,0,24,17,41,32,20,20,23,14,20,26,26,18,18,31,36,31,32,21,28,21,33,27,31,27
2016071522,29,21,13,24,22,17,26,20,9,19,22,20,18,23,27,30,29,24,16,29,15,16,19,25,20
2016071523,26,14,10,21,26,15,23,18,9,15,13,19,17,17,23,15,29,18,13,24,18,15,17,25,15
2016071524,25,18,8,0,31,17,24,20,12,16,24,19,18,23,28,26,33,16,16,32,23,21,17,24,18
2016071601,27,24,13,25,26,17,28,19,11,13,25,21,16,16,29,25,33,18,15,33,16,32,16,20,31
2016071602,19,19,5,15,21,13,15,16,6,15,17,14,16,11,14,12,20,12,13,12,17,15,13,16,16
2016071603,12,15,7,18,16,13,15,17,6,13,11,14,14,16,12,13,9,13,14,12,20,13,11,14,14
2016071604,12,12,8,16,15,13,17,13,8,9,15,14,15,12,13,16,16,10,13,22,19,14,11,13,13
2016071605,12,11,5,10,17,12,12,10,6,18,13,11,12,12,12,12,9,14,8,11,17,16,10,16,12
2016071606,9,11,5,6,12,10,12,8,4,8,11,10,10,0,10,12,11,7,10,11,13,6,8,10,12
2016071607,7,8,2,6,12,10,2,6,1,10,7,6,11,8,7,4,2,5,8,9,9,4,7,7,7
2016071608,8,5,2,0,9,8,5,6,1,8,7,4,6,4,6,8,1,6,3,6,11,1,8,10,3
2016071609,6,7,1,0,11,8,10,6,2,1,3,4,10,0,11,3,3,3,5,7,9,9,4,5,5
2016071610,6,6,1,0,12,8,2,3,1,4,11,9,10,3,2,3,28,4,4,6,11,1,6,10,5
2016071611,3,7,2,0,8,8,6,5,1,5,7,16,10,0,7,7,23,8,4,4,11,2,4,5,6
2016071612,5,1,2,7,8,6,10,4,1,4,5,6,9,2,5,6,14,4,4,4,10,1,4,5,6
2016071613,6,6,2,4,9,6,1,2,1,3,6,3,7,0,6,4,14,5,3,3,9,1,5,10,3
2016071614,4,3,1,0,9,6,6,1,1,5,8,3,6,0,10,3,15,2,3,1,12,1,4,5,1
2016071615,8,3,1,5,9,8,6,3,1,7,2,3,11,2,9,3,16,3,6,16,13,7,4,12,7
2016071616,3,2,1,8,12,8,9,5,1,8,7,4,11,8,5,11,19,5,7,4,11,1,6,12,7
2016071617,5,10,2,12,12,7,7,7,1,6,10,7,11,0,9,1,13,2,5,14,9,10,5,12,6
2016071618,7,7,2,8,13,7,8,8,1,10,11,7,6,8,9,9,17,8,7,14,10,3,5,14,5
2016071619,12,5,2,10,16,9,8,8,1,5,7,9,11,7,11,3,17,3,7,12,13,10,7,12,9
2016071620,12,5,4,10,17,10,13,10,7,9,8,11,14,6,6,16,28,5,9,17,17,5,8,14,8
2016071621,16,17,1,0,27,8,9,11,3,9,14,11,12,7,19,16,29,9,12,15,16,7,7,16,11
2016071622,14,6,1,14,20,8,12,12,1,10,13,10,16,14,12,18,25,7,11,9,18,7,11,23,11
2016071623,18,10,2,13,18,11,10,9,4,10,13,9,14,16,11,12,17,13,10,1,18,9,13,19,9
2016071624,8,12,4,11,12,12,12,5,7,13,10,4,9,9,9,14,17,9,8,0,14,7,14,17,9
2016071701,9,6,2,0,14,9,8,5,4,2,9,4,7,0,3,13,11,5,8,0,12,4,10,9,20
2016071702,5,11,2,11,10,9,6,7,3,9,6,4,10,6,1,8,7,7,10,1,9,8,4,3,9
2016071703,8,8,2,14,11,8,9,8,4,11,5,4,11,9,1,8,4,5,11,1,9,13,7,8,3
2016071704,6,3,1,7,15,8,5,5,2,10,8,6,9,11,3,4,12,6,10,1,11,6,8,4,7
2016071705,6,7,1,3,15,9,1,12,6,6,5,10,8,7,11,5,5,3,7,8,16,10,8,6,7
2016071706,11,6,3,6,14,10,14,12,5,5,8,14,9,3,0,12,8,6,7,11,15,1,8,9,9
2016071707,11,12,1,0,16,13,8,15,5,12,12,13,8,7,12,13,9,8,5,0,15,4,6,5,10
2016071708,7,6,2,11,14,13,10,12,2,5,7,10,14,5,10,15,7,4,8,0,14,5,6,8,11
2016071709,4,6,4,0,16,10,9,10,8,9,3,7,13,9,6,8,13,11,10,1,11,8,11,11,10
2016071710,9,9,4,11,16,11,9,10,6,7,10,11,15,8,14,13,11,12,9,1,19,6,11,9,4
2016071711,14,10,4,0,11,15,8,11,8,9,6,14,13,8,13,16,10,6,7,18,15,10,16,12,19
2016071712,17,14,4,13,16,16,10,12,9,6,15,13,14,8,11,10,9,15,8,1,14,6,12,11,15
2016071713,13,15,8,12,19,19,15,13,8,14,18,13,19,15,9,19,16,18,11,1,14,6,13,17,16
2016071714,18,23,13,14,16,20,14,13,13,12,16,14,22,19,16,17,26,18,11,0,21,17,21,18,17
2016071715,21,23,18,16,14,20,11,8,20,25,21,19,21,17,18,23,31,17,16,0,21,17,20,27,32
2016071716,19,20,20,16,20,18,15,14,19,26,16,16,22,17,17,18,29,22,14,0,21,31,19,20,23
2016071717,17,24,19,0,24,16,20,18,21,26,22,20,20,15,18,21,21,17,17,0,20,21,18,19,22
2016071718,17,21,16,16,30,18,18,17,19,23,22,19,24,20,16,24,31,23,15,1,23,25,24,20,22
2016071719,17,23,25,18,24,15,23,17,19,24,27,21,25,26,18,23,35,16,17,37,25,19,23,33,20
2016071720,25,20,26,19,25,18,15,14,23,34,20,21,20,29,20,27,39,23,18,43,22,25,22,26,20
2016071721,27,25,21,0,22,21,21,12,22,30,22,20,19,18,21,25,31,19,16,55,19,22,16,20,22
2016071722,22,25,13,21,20,18,17,13,17,19,17,19,23,27,14,23,22,23,19,51,18,20,20,23,19
2016071723,19,29,22,25,22,19,17,17,22,25,18,23,18,19,20,17,0,26,15,21,20,30,18,22,15
2016071724,22,16,24,21,24,20,17,16,22,25,13,20,15,21,15,21,29,23,12,0,21,23,16,21,18
2016071801,19,21,21,25,25,20,15,18,19,24,20,20,19,20,19,22,21,23,16,0,22,22,15,19,22
2016071802,20,27,21,16,29,21,18,18,18,26,24,23,21,20,18,22,27,16,17,0,24,33,18,18,23
2016071803,24,20,21,27,26,21,11,19,20,22,20,30,25,22,23,18,29,19,19,0,28,32,21,23,29
2016071804,20,24,19,17,32,22,24,23,23,27,31,30,26,25,22,30,23,18,17,26,33,16,26,24,28
2016071805,31,29,19,25,31,27,22,24,25,21,30,30,23,24,23,28,30,22,18,17,32,28,30,25,32
2016071806,27,32,24,13,22,26,23,20,27,29,28,29,25,19,24,24,30,18,19,0,31,27,27,20,25
2016071807,23,27,24,16,22,27,21,19,29,30,26,29,20,21,21,27,24,24,17,0,28,23,25,23,32
2016071808,24,24,24,22,25,27,15,24,27,20,24,23,21,20,22,20,25,26,21,29,22,11,23,20,23
2016071809,20,28,21,17,26,31,17,22,19,28,16,20,24,16,24,18,31,31,22,3,24,20,25,19,21
2016071810,27,27,24,38,34,27,27,23,22,27,23,24,25,28,34,23,27,30,23,0,27,22,25,18,24
2016071811,21,31,23,15,32,25,30,22,15,24,17,31,20,14,0,29,29,26,21,0,31,23,21,13,32
2016071812,24,31,19,31,30,25,31,26,14,16,17,29,24,26,45,17,35,27,27,0,26,11,17,0,18
2016071813,22,26,14,41,33,22,34,26,11,19,22,27,32,26,38,27,25,30,31,0,25,27,23,0,31
2016071814,28,32,17,30,37,23,35,27,18,22,30,30,29,36,34,33,36,23,29,0,32,26,27,29,25
2016071815,40,32,21,33,0,28,42,29,20,28,37,34,37,34,48,33,34,30,30,0,35,28,28,38,32
2016071816,35,33,24,41,0,29,33,36,20,27,42,40,34,43,43,45,40,29,27,0,40,48,33,41,37
2016071817,42,41,26,32,41,36,30,31,25,38,42,36,34,32,46,40,43,31,28,0,39,24,38,41,45
2016071818,29,45,26,17,48,35,31,30,27,34,27,31,30,29,43,27,40,41,24,33,39,34,32,31,35
2016071819,40,37,24,23,36,29,27,28,23,23,29,36,26,32,46,44,29,32,22,39,34,36,29,28,31
2016071820,34,40,25,44,45,29,28,30,21,35,30,39,26,32,30,34,34,30,22,30,28,41,23,32,35
2016071821,38,34,26,35,36,27,40,24,25,29,31,33,28,27,41,42,35,36,19,34,30,35,26,24,35
2016071822,36,25,25,42,31,24,43,25,27,29,32,29,28,37,37,37,32,28,24,38,27,42,28,35,33
2016071823,37,37,23,32,32,26,36,29,27,24,29,30,31,39,32,35,44,34,26,34,39,34,26,36,33
2016071824,35,49,25,27,35,31,41,33,29,32,29,33,30,32,36,40,52,32,24,35,33,32,28,34,42
2016071901,40,71,27,35,32,33,33,34,27,25,38,34,28,33,32,40,42,44,25,38,37,34,28,36,22
2016071902,48,56,27,38,33,34,26,33,26,32,33,34,31,28,35,34,45,37,24,24,34,35,28,33,39
2016071903,44,51,27,30,34,32,31,33,26,32,38,33,31,31,35,43,39,40,25,31,36,34,30,30,31
2016071904,39,53,25,28,37,34,34,31,26,32,40,33,34,32,36,39,43,43,27,40,38,34,31,36,34
2016071905,41,47,27,41,40,41,38,33,27,33,39,36,32,30,36,37,37,36,31,35,38,31,35,30,39
2016071906,47,39,29,38,37,39,40,32,30,34,39,39,37,29,38,39,46,34,33,35,39,37,35,35,40
2016071907,45,38,31,31,45,37,35,30,33,39,40,41,33,35,46,37,38,34,36,40,38,27,39,35,44
2016071908,35,33,31,34,46,36,43,32,28,32,28,41,39,30,31,31,44,37,39,37,41,20,35,39,24
2016071909,43,34,36,37,45,38,37,43,27,35,36,43,45,32,36,35,44,33,42,30,40,43,35,41,30
2016071910,33,37,36,40,44,34,50,41,25,33,35,44,45,31,39,40,41,36,43,46,42,34,37,33,30
2016071911,35,37,31,29,46,32,32,36,22,32,30,36,33,35,27,38,35,35,38,35,40,25,35,29,22
2016071912,29,25,23,19,39,29,29,33,20,21,24,30,31,24,38,36,33,29,29,44,36,21,31,37,21
2016071913,18,29,19,39,37,19,34,27,20,26,25,34,29,32,29,10,32,23,28,32,30,12,26,25,24
2016071914,22,28,19,37,36,19,29,28,20,27,19,34,27,23,39,25,22,29,26,27,29,18,24,28,18
2016071915,30,24,20,18,34,22,34,28,18,29,19,31,29,30,0,25,50,19,38,37,22,26,25,29,20
2016071916,31,26,27,25,37,22,33,27,17,28,25,34,31,29,0,34,34,22,36,49,30,37,25,39,28
2016071917,36,24,33,49,36,23,36,31,18,32,35,36,36,39,0,34,46,27,31,41,33,37,34,41,26
2016071918,25,42,27,48,43,25,58,38,19,25,32,36,33,36,58,40,42,29,41,50,45,30,29,35,47
2016071919,32,36,25,62,73,25,90,55,22,31,38,51,50,63,84,43,59,30,49,81,32,60,36,58,39
2016071920,58,40,27,63,52,26,41,69,24,35,45,56,48,68,0,41,44,34,43,69,52,65,53,70,39
2016071921,0,40,33,50,44,31,40,55,26,40,60,49,45,58,27,56,44,34,38,60,53,48,49,52,40
2016071922,58,44,32,48,44,31,43,39,26,40,38,40,42,54,60,63,54,39,34,61,46,55,42,55,35
2016071923,49,40,32,57,45,26,46,41,24,31,40,40,35,44,34,58,53,46,31,64,37,37,33,40,30
2016071924,37,31,29,50,53,29,51,40,24,41,36,37,38,36,29,46,58,40,34,57,38,37,38,46,38
2016072001,36,21,32,56,50,26,65,40,25,33,21,41,35,45,0,38,59,41,37,51,35,28,35,47,38
2016072002,39,42,31,50,53,26,75,44,26,41,43,46,34,40,31,39,56,29,42,50,40,45,29,41,44
2016072003,35,40,31,62,48,27,57,47,23,43,36,44,28,34,29,34,46,33,43,43,33,30,32,40,29
2016072004,38,36,29,41,39,25,44,49,24,38,35,43,32,31,24,32,30,35,31,36,31,31,28,39,34
2016072005,33,33,29,34,38,25,35,44,25,29,31,37,27,26,18,35,25,33,31,35,35,26,28,27,31
2016072006,33,32,25,35,35,24,35,43,28,34,32,36,28,28,24,25,38,24,29,32,31,27,27,31,31
2016072007,31,40,23,35,40,26,42,43,28,31,29,36,28,30,21,33,38,33,30,32,33,32,26,33,28
2016072008,34,33,22,32,39,26,36,41,25,24,31,36,34,30,28,32,40,32,34,42,31,25,26,32,25
2016072009,41,36,20,27,39,36,39,36,14,16,27,31,35,28,28,36,30,41,35,30,38,26,30,32,23
2016072010,38,36,28,35,41,34,41,36,15,32,26,29,37,26,0,36,33,38,35,42,35,32,31,29,29
2016072011,39,30,25,50,38,29,37,37,20,29,34,31,40,34,47,43,36,33,35,46,33,30,32,41,30
2016072012,41,34,27,23,41,26,47,36,25,36,38,34,42,47,22,37,28,42,32,51,37,23,34,0,32
2016072013,42,41,30,42,43,30,55,37,25,36,40,36,36,44,0,36,52,35,33,42,34,28,35,0,41
2016072014,39,37,27,34,38,28,43,42,22,33,39,34,38,39,31,46,59,27,34,47,37,40,0,51,27
2016072015,48,34,27,35,41,29,0,34,23,33,34,34,39,42,0,35,43,26,34,54,38,41,0,50,33
2016072016,32,33,28,47,40,27,0,35,24,36,40,36,48,35,44,45,40,29,37,60,35,31,27,44,33
2016072017,41,39,28,78,45,29,0,31,27,35,37,39,43,44,0,36,41,34,38,58,36,48,36,51,45
2016072018,38,36,31,62,47,28,0,32,28,38,38,39,46,47,27,46,52,34,50,67,42,46,36,51,40
2016072019,45,45,31,23,43,30,63,34,26,39,33,31,39,52,28,43,52,38,36,53,38,57,41,47,52
2016072020,44,54,29,62,48,32,39,38,28,32,41,34,36,38,34,39,57,39,33,67,37,57,42,56,52
2016072021,47,47,34,63,47,34,56,36,30,42,47,33,40,53,54,68,55,46,40,45,35,61,41,45,50
2016072022,46,41,35,52,39,29,53,36,34,45,47,33,38,51,50,51,50,40,35,51,36,39,36,50,46
2016072023,31,27,33,58,35,29,42,28,34,36,32,29,35,39,48,42,42,33,35,49,27,42,29,46,29
2016072024,35,19,22,38,31,32,32,28,32,29,20,26,23,33,27,32,30,25,34,41,29,28,28,32,14
2016072101,23,18,17,40,29,0,30,22,23,29,26,24,23,23,23,27,35,24,24,33,28,26,20,26,27
2016072102,22,25,14,31,23,19,27,23,22,28,28,23,22,20,26,25,28,15,21,30,26,26,17,23,26
2016072103,24,26,19,26,23,20,29,26,21,27,21,24,22,25,21,19,25,20,19,24,29,20,16,24,26
2016072104,20,26,20,17,22,21,25,24,15,24,26,21,20,20,19,22,32,20,22,28,21,28,21,23,29
2016072105,23,19,18,22,24,20,22,27,15,24,23,21,21,25,20,25,28,16,23,20,25,22,20,26,20
2016072106,24,25,18,22,25,18,27,26,13,20,24,21,22,17,24,20,22,23,22,27,29,25,21,22,22
2016072107,22,21,16,22,24,18,27,24,12,20,21,23,24,27,21,25,20,19,19,23,25,16,19,27,20
2016072108,22,26,15,25,28,19,24,22,13,23,20,23,25,24,23,25,27,29,21,26,29,22,18,24,28
2016072109,26,32,19,31,26,24,29,20,15,21,30,17,31,17,28,28,35,21,21,21,26,19,25,31,25
2016072110,23,20,18,22,29,25,30,26,15,19,23,20,32,30,26,33,37,30,22,22,27,24,23,30,22
2016072111,37,35,21,34,34,27,35,25,17,30,28,26,38,23,37,31,32,23,22,34,30,20,24,37,27
2016072112,30,27,22,32,33,25,37,24,19,31,31,26,38,30,43,28,31,25,26,40,26,23,30,45,
2016072113,37,31,23,36,35,19,40,28,21,24,34,30,37,36,33,0,,26,28,42,33,27,30,38,38
2016072114,39,31,32,40,40,24,46,30,26,36,36,31,38,42,0,,0,34,30,41,39,33,30,51,35
2016072115,45,41,35,38,40,31,50,33,28,40,46,36,41,46,0,56,0,37,31,49,38,37,37,46,51
2016072116,45,40,31,32,41,30,41,32,27,0,38,33,39,68,0,51,46,33,32,46,43,39,38,50,48
2016072117,38,35,35,53,39,29,43,36,28,0,40,33,38,69,46,54,47,35,31,43,38,45,41,52,35
2016072118,48,21,32,29,45,23,42,36,24,0,43,43,45,51,15,55,49,31,35,59,45,60,41,54,38
2016072119,37,43,26,61,45,28,50,38,24,44,31,39,41,54,53,50,34,27,37,59,38,53,38,48,52
2016072120,41,36,23,36,41,27,41,28,23,30,31,31,37,35,51,40,36,37,34,48,32,46,33,48,30
2016072121,35,49,23,58,36,27,35,29,25,37,37,33,32,39,52,42,29,55,28,34,33,47,30,45,40
2016072122,41,44,33,36,32,32,42,30,32,41,32,30,29,38,24,42,41,40,27,46,36,46,31,39,52
2016072123,35,43,35,41,36,34,39,29,32,45,34,29,32,35,29,48,49,37,32,45,33,25,30,40,49
2016072124,39,32,35,45,33,29,41,26,29,49,34,30,28,37,23,39,46,31,28,40,31,39,32,42,33
2016072201,30,28,30,40,30,22,34,25,27,37,39,27,28,34,30,37,41,21,25,35,29,30,27,33,26
2016072202,30,26,24,33,28,20,34,27,26,32,29,24,26,31,0,30,30,24,22,37,30,36,24,33,26
2016072203,29,30,28,28,30,21,27,25,22,32,29,24,24,23,17,29,40,23,24,33,26,25,30,27,32
2016072204,26,29,28,32,30,23,31,26,21,34,27,24,26,29,17,25,36,22,23,28,24,35,26,28,32
2016072205,30,29,27,35,25,23,30,31,19,28,31,26,24,30,14,32,38,21,24,32,30,32,24,25,27
2016072206,28,26,25,27,30,25,32,34,18,31,29,26,27,26,19,37,31,24,24,30,31,30,23,30,28
2016072207,27,33,22,29,29,22,33,31,17,24,29,27,27,29,22,33,28,28,24,33,29,21,19,33,27
2016072208,29,25,24,28,32,24,34,32,18,23,22,26,30,28,23,25,28,30,25,34,25,28,26,33,31
2016072209,27,29,22,22,33,22,35,31,17,26,31,26,33,25,26,30,39,31,24,31,33,27,28,39,27
2016072210,36,28,22,23,34,25,32,31,21,32,35,27,34,0,25,39,25,33,26,35,29,21,31,36,47
2016072211,44,30,29,45,37,27,44,31,20,28,30,26,39,49,31,41,43,37,31,39,35,39,33,42,29
2016072212,41,46,35,46,40,0,42,29,26,39,48,30,36,64,0,56,69,35,30,47,38,36,38,48,39
2016072213,0,42,37,27,37,0,36,33,31,49,42,30,36,67,27,40,54,40,30,42,39,29,37,49,46
2016072214,0,43,37,57,41,0,53,38,31,45,40,31,39,36,30,45,52,43,32,42,33,47,34,45,40
2016072215,35,38,36,27,41,30,44,42,32,48,33,33,39,37,0,41,50,28,36,46,35,38,39,43,42
2016072216,46,34,35,39,43,31,47,37,34,50,29,33,38,52,0,49,37,36,35,52,31,30,36,41,50
2016072217,30,42,40,55,43,26,53,38,30,40,43,34,39,0,54,42,45,35,39,52,39,49,35,49,44
2016072218,37,34,34,53,46,27,50,40,31,41,43,36,38,51,0,35,33,31,40,55,45,55,37,53,50
2016072219,48,44,34,49,58,27,67,51,28,40,43,39,51,61,50,46,38,27,43,71,51,51,38,67,32
2016072220,54,34,46,42,57,29,55,41,28,66,67,43,49,50,56,61,66,32,45,59,55,52,50,54,46
2016072221,76,58,45,56,45,0,56,41,39,46,44,37,38,50,48,60,60,48,43,52,47,39,45,36,62
2016072222,54,52,44,48,42,0,47,42,37,38,32,33,36,39,42,54,50,49,33,48,38,35,40,47,51
2016072223,42,40,46,45,41,38,40,42,41,36,33,30,42,35,32,46,52,40,31,51,31,34,39,35,41
2016072224,40,37,46,40,45,36,52,41,40,33,26,33,39,37,32,40,48,41,35,48,33,38,39,34,41
2016072301,45,46,47,41,42,34,49,44,36,45,43,34,36,31,36,40,43,30,38,41,48,31,36,35,41
2016072302,41,35,42,35,48,29,43,46,39,46,51,36,43,39,37,38,43,36,38,46,41,48,37,41,31
2016072303,40,29,31,43,44,25,40,48,32,32,42,40,44,37,36,36,41,32,40,42,44,41,40,40,37
2016072304,40,34,33,34,47,22,38,38,24,35,39,44,42,37,33,42,36,29,33,49,50,38,45,36,29
2016072305,31,37,26,27,46,25,38,40,25,29,34,33,39,30,36,32,41,29,37,37,49,42,41,37,31
2016072306,34,36,27,40,49,29,42,43,25,30,39,41,45,33,37,34,43,34,42,44,46,37,41,35,37
2016072307,35,31,27,45,52,27,47,48,29,33,50,41,54,42,41,48,39,29,43,46,49,31,43,41,39
2016072308,37,35,26,40,52,28,41,46,28,35,38,41,56,35,45,38,39,35,47,45,54,41,45,46,33
2016072309,34,41,28,38,40,35,38,44,26,34,31,39,46,0,31,44,46,42,48,38,41,40,47,45,33
2016072310,40,48,30,44,45,37,26,41,27,35,34,30,43,0,28,46,47,46,36,22,41,36,37,36,45
2016072311,49,51,44,41,40,41,40,37,36,51,36,34,33,36,42,51,46,48,38,43,41,40,37,38,51
2016072312,40,62,37,28,40,45,42,38,42,38,40,29,36,35,49,47,37,44,37,31,42,30,35,36,52
2016072313,49,47,41,47,49,39,46,42,40,43,47,34,46,38,42,51,44,47,39,57,46,43,41,47,49
2016072314,41,58,44,46,49,46,45,43,44,46,41,37,42,46,31,51,58,43,35,42,45,47,43,45,58
2016072315,44,57,37,33,58,45,53,61,44,43,47,47,51,44,50,45,52,48,37,55,53,56,48,60,52
2016072316,52,52,46,33,55,39,45,51,46,52,59,46,56,55,60,70,70,42,39,46,65,84,61,68,56
2016072317,46,51,55,30,41,41,37,34,50,65,56,31,44,53,39,49,65,40,34,46,45,47,50,60,41
2016072318,46,50,48,33,43,0,37,35,49,58,48,29,38,69,56,49,52,42,31,36,37,42,41,42,47
2016072319,44,54,45,37,43,0,36,35,51,53,43,30,37,0,50,58,49,39,33,45,39,49,38,40,51
2016072320,30,39,57,54,42,0,37,30,52,47,50,27,41,0,46,38,44,35,37,43,44,46,49,47,43
2016072321,38,53,53,49,37,0,41,34,56,29,40,26,48,0,52,53,41,25,38,57,44,33,46,54,46
2016072322,47,70,51,26,38,0,48,31,57,42,23,27,39,0,42,48,41,46,30,42,34,27,43,41,51
2016072323,38,66,46,27,39,0,35,32,51,28,33,26,35,0,37,55,41,56,33,45,50,31,36,32,64
2016072324,54,58,54,37,36,0,29,29,49,33,4,23,32,32,20,35,32,46,36,33,34,29,33,28,54
2016072401,54,57,57,33,34,0,31,31,47,34,48,23,31,23,27,42,50,35,32,26,45,34,30,24,67
2016072402,26,74,60,29,40,0,29,32,48,41,40,24,33,26,41,49,46,39,31,32,41,31,30,25,52
2016072403,32,56,41,36,40,0,28,34,47,40,23,26,33,25,28,28,28,36,33,28,35,29,29,30,50
2016072404,19,49,35,25,37,0,30,33,39,22,34,27,35,26,20,21,25,36,33,30,33,33,33,28,44
2016072405,23,18,35,31,36,22,29,30,34,29,26,26,40,34,29,19,29,17,31,28,29,33,30,26,7
2016072406,25,10,39,22,36,27,28,31,43,35,28,29,34,29,22,22,28,21,32,28,35,35,36,25,20
2016072407,29,30,50,32,39,35,27,33,48,34,30,29,37,27,31,23,29,26,31,29,39,28,33,26,24
2016072408,39,44,35,37,40,39,33,35,42,27,25,31,40,23,40,32,25,41,31,30,46,21,35,30,33
2016072409,30,29,42,24,35,36,30,35,40,30,38,27,41,35,32,35,39,29,36,28,41,29,36,35,32
2016072410,29,26,43,26,39,30,28,35,40,26,21,23,37,32,30,27,34,26,34,28,38,24,30,29,23
2016072411,25,27,41,36,39,29,34,32,31,25,26,21,37,34,24,26,35,32,34,27,39,30,35,30,17
2016072412,29,30,48,29,45,34,33,32,38,32,36,27,38,31,41,39,37,31,39,41,41,36,36,37,36
2016072413,34,40,51,27,41,39,40,34,41,41,37,27,40,39,53,42,37,32,41,39,47,41,36,36,38
2016072414,42,35,44,31,43,46,30,36,40,26,33,24,42,31,46,35,36,40,39,28,44,29,39,35,42
2016072415,50,46,46,36,40,0,30,32,41,43,43,27,46,35,54,41,37,45,41,39,46,36,43,46,53
2016072416,38,62,55,27,43,43,44,38,40,24,36,30,45,39,62,42,26,44,43,34,31,28,44,33,49
2016072417,28,46,49,46,47,0,37,36,38,42,23,27,48,24,37,20,45,37,41,35,41,34,43,24,36
2016072418,37,32,56,40,49,0,35,43,39,35,24,29,44,41,51,43,48,39,45,39,44,34,41,33,
2016072419,52,51,49,32,57,0,44,43,38,40,45,34,48,50,44,51,52,40,47,48,54,51,47,39,47
2016072420,42,35,57,44,57,0,42,49,46,49,44,37,50,52,53,45,53,29,47,47,47,51,46,50,55
2016072421,63,48,55,44,51,50,39,48,55,44,52,36,52,56,43,49,46,27,48,51,57,49,54,46,49
2016072422,52,47,59,39,55,49,45,48,60,40,43,36,47,58,50,55,51,46,48,50,51,41,51,61,50
2016072423,47,39,60,42,57,53,45,60,59,41,40,40,55,45,48,48,54,38,55,51,49,42,54,54,45
2016072424,48,45,57,55,50,49,44,52,61,42,40,49,52,49,49,46,57,39,54,49,52,37,56,47,43
2016072501,36,48,63,62,57,52,47,48,60,44,60,39,59,48,36,42,46,35,51,46,58,36,56,47,44
2016072502,37,48,69,39,51,46,42,49,60,57,57,39,68,39,38,34,55,39,61,41,60,48,56,46,52
2016072503,36,45,78,47,60,45,33,50,62,53,61,40,0,45,32,35,51,29,59,36,49,52,60,42,50
2016072504,29,48,72,31,62,43,37,59,70,48,43,44,0,30,35,31,46,35,57,35,54,49,50,24,46
2016072505,37,34,64,43,66,46,37,61,64,51,43,50,0,35,45,37,40,29,57,32,57,44,47,38,33
2016072506,37,38,61,49,67,60,44,61,55,46,36,51,0,40,36,40,37,42,64,41,60,45,50,29,37
2016072507,45,47,63,39,59,55,36,56,59,46,41,53,0,38,49,40,42,34,69,42,64,47,50,42,38
2016072508,56,37,63,43,56,50,39,47,53,39,40,43,0,44,47,45,41,39,58,36,63,37,57,44,35
2016072509,48,37,61,35,53,55,27,51,49,35,37,30,58,34,38,43,41,40,54,34,47,34,48,33,33
2016072510,37,37,56,32,56,43,32,45,40,28,26,27,48,41,28,32,39,39,55,39,49,32,39,36,22
2016072511,36,40,51,41,53,48,36,35,37,43,29,24,47,38,30,43,45,40,50,34,44,44,43,38,43
2016072512,45,41,51,33,44,47,34,36,39,40,40,30,44,43,49,53,54,33,41,39,47,49,49,45,70
2016072513,47,43,50,39,46,44,43,38,38,40,43,33,43,48,49,42,56,40,41,34,46,39,49,51,57
2016072514,43,43,49,40,41,38,30,37,36,46,0,30,41,39,24,42,59,45,37,36,34,49,42,39,69
2016072515,45,45,49,54,44,37,43,40,39,52,29,34,0,42,51,34,59,46,42,52,46,49,45,39,36
2016072516,47,49,48,34,40,44,49,39,41,46,56,34,0,52,63,51,64,42,36,47,41,68,51,60,47
2016072517,52,51,42,31,43,53,42,39,41,50,42,30,42,37,55,56,48,49,32,44,44,50,44,40,46
2016072518,45,45,40,35,40,57,37,33,41,47,38,29,39,40,0,41,54,35,35,43,43,60,38,44,46
2016072519,40,40,43,41,40,0,39,28,41,33,40,24,34,32,69,39,46,30,32,45,35,38,37,34,44
2016072520,39,42,43,39,45,0,38,31,37,45,38,29,38,39,45,39,37,36,36,62,36,49,34,38,42
2016072521,49,33,42,0,43,0,47,35,40,40,39,30,38,57,0,43,46,31,35,66,37,41,37,48,44
2016072522,47,36,42,48,39,0,41,42,41,34,36,34,38,49,0,42,48,32,38,44,39,41,41,46,41
2016072523,36,33,44,59,42,26,38,42,42,30,40,34,44,43,23,37,49,36,39,41,31,48,40,41,43
2016072524,38,29,47,39,40,27,42,43,41,38,49,34,40,45,0,36,45,33,42,41,38,49,40,41,44
2016072601,36,36,48,43,49,37,39,46,41,56,41,36,39,33,0,37,40,35,51,37,45,45,39,32,39
2016072602,40,46,48,35,52,42,45,50,44,37,41,37,44,31,0,37,41,28,52,47,46,47,31,33,41
2016072603,31,42,47,49,46,41,37,44,43,42,40,31,43,35,29,37,34,41,56,42,50,43,34,37,39
2016072604,39,28,47,26,38,36,27,30,43,36,32,33,39,31,34,29,40,25,53,22,40,41,37,32,37
2016072605,34,40,41,43,33,39,22,32,41,36,26,31,33,26,26,28,30,30,46,29,38,37,34,22,32
2016072606,42,43,36,26,33,40,25,34,44,59,20,40,30,25,36,33,26,30,40,26,40,33,30,19,33
2016072607,31,33,43,32,37,0,30,30,43,37,34,37,35,22,39,35,26,36,39,26,46,24,31,26,37
2016072608,33,34,41,21,35,0,25,33,44,0,29,30,32,23,23,30,40,42,37,21,42,15,35,31,29
2016072609,23,25,36,26,34,0,20,30,36,0,24,23,34,24,23,29,39,31,32,23,31,27,32,29,17
2016072610,21,30,31,41,35,27,27,32,29,21,20,20,35,23,0,40,30,25,33,22,34,35,29,24,27
2016072611,29,24,30,22,40,27,30,40,22,26,28,27,38,30,33,44,34,35,32,32,45,40,32,37,17
2016072612,33,42,33,39,41,40,43,37,24,27,38,24,35,0,,42,37,43,33,39,37,0,33,39,34
2016072613,34,39,34,37,37,34,30,30,26,0,32,31,35,0,43,37,40,41,32,31,31,0,32,36,46
2016072614,46,36,32,28,36,32,37,32,22,31,32,29,36,39,44,30,37,29,29,32,29,0,32,40,16
2016072615,36,29,0,29,40,29,39,30,23,29,38,26,36,37,52,52,33,28,32,44,41,0,32,41,33
2016072616,41,35,14,36,34,33,45,30,29,35,36,27,39,46,26,59,45,31,35,43,37,0,35,48,41
2016072617,44,33,35,43,43,37,41,34,0,40,40,29,39,45,55,49,45,30,33,44,40,0,35,45,49
2016072618,31,44,27,36,38,39,32,38,0,35,30,29,33,29,45,39,40,25,28,35,38,0,34,35,33
2016072619,37,29,23,16,32,0,32,26,22,26,25,24,29,25,31,34,34,30,26,29,28,0,28,23,33
2016072620,41,22,23,34,30,39,27,26,23,31,20,23,23,31,16,16,31,28,28,62,21,0,25,29,23
2016072621,38,29,18,21,36,0,28,26,18,27,26,23,30,26,34,31,37,25,28,65,30,0,24,31,31
2016072622,29,30,22,35,40,0,40,29,19,19,29,23,31,32,35,31,33,32,30,56,32,0,27,43,30
2016072623,36,26,25,24,42,0,40,32,23,28,29,27,41,35,36,40,37,30,36,43,35,0,29,33,35
2016072624,36,0,29,54,30,0,37,31,27,31,29,27,28,31,29,34,43,33,38,37,29,0,28,30,33
2016072701,50,27,25,35,35,0,37,27,20,24,10,21,31,22,18,30,30,37,36,31,29,0,26,28,17
2016072702,0,36,23,29,40,24,27,30,21,26,32,24,31,27,23,28,32,32,34,31,38,0,26,23,31
2016072703,0,30,26,41,38,0,33,33,21,29,33,29,38,31,35,27,28,27,37,35,35,0,26,34,32
2016072704,0,40,32,35,37,0,35,36,24,31,31,33,35,30,0,25,31,33,41,32,40,0,32,30,31
2016072705,0,35,32,35,36,0,39,34,28,32,33,31,36,32,0,41,41,30,38,32,43,0,30,28,37
2016072706,0,28,33,32,36,0,28,32,29,31,34,29,35,28,18,28,36,28,37,31,41,0,30,33,30
2016072707,0,31,32,25,32,23,31,28,28,29,31,27,34,29,0,28,36,27,35,32,34,0,29,31,28
2016072708,0,34,28,38,35,0,34,31,27,28,26,24,34,24,31,35,32,34,34,25,32,0,28,28,28
2016072709,0,36,30,25,38,0,30,31,26,29,34,26,35,26,35,33,35,31,31,33,36,0,29,34,33
2016072710,0,36,34,36,35,0,33,35,34,26,40,23,36,32,30,37,35,33,31,28,36,0,30,37,31
2016072711,0,36,31,27,42,0,29,32,26,26,24,21,42,28,25,33,31,0,39,44,36,0,26,27,17
2016072712,0,38,42,41,40,0,38,40,32,40,48,29,42,38,45,45,47,0,39,44,47,0,34,43,43
2016072713,0,42,38,25,38,0,36,38,34,39,41,26,39,31,38,42,49,0,37,33,37,44,32,47,56
2016072714,0,42,38,35,48,21,32,36,30,40,33,26,41,28,58,38,33,0,35,35,46,23,33,39,42
2016072715,0,37,47,41,45,41,52,43,43,39,53,31,43,36,59,51,41,0,43,42,44,49,43,53,53
2016072716,0,40,49,34,44,48,29,39,44,32,33,24,44,28,28,34,29,0,40,29,53,31,41,27,34
2016072717,0,40,45,29,47,51,26,40,36,31,35,29,46,32,26,48,37,0,43,31,44,37,39,35,58
2016072718,0,36,42,87,36,48,34,41,37,32,30,30,38,32,39,40,49,0,41,34,35,35,35,30,35
2016072719,0,32,43,48,37,37,24,32,34,27,0,27,37,27,36,28,39,0,38,34,37,33,35,28,23
2016072720,0,36,35,32,44,34,29,31,32,34,45,26,37,29,26,29,40,0,35,51,30,28,33,36,34
2016072721,0,32,36,31,45,32,51,33,29,23,26,26,35,32,31,32,45,0,30,52,32,30,34,38,30
2016072722,0,29,34,41,43,34,40,34,29,27,25,27,41,42,28,34,38,0,40,46,38,25,35,33,28
2016072723,0,36,42,41,40,37,37,39,35,34,30,29,41,38,44,37,36,0,41,45,47,32,36,39,41
2016072724,0,30,42,40,36,36,30,31,36,28,27,26,36,32,27,31,39,0,41,39,39,33,32,30,26
2016072801,0,19,37,34,43,34,34,35,33,33,31,30,40,31,30,31,37,0,38,37,40,19,33,33,24
2016072802,0,35,40,34,38,34,29,35,35,37,35,29,39,32,23,27,37,0,39,28,34,38,34,38,32
2016072803,0,31,36,33,36,34,33,35,32,34,30,29,38,33,31,26,33,0,34,32,37,33,35,30,29
2016072804,0,36,35,32,36,35,28,33,30,30,30,26,36,28,30,30,30,0,35,30,43,30,33,25,30
2016072805,0,41,35,38,38,37,31,35,33,27,31,27,37,30,38,28,28,0,39,33,33,26,31,33,45
2016072806,0,32,36,37,50,36,38,39,36,28,33,36,43,32,32,33,37,0,41,41,43,33,35,32,29
2016072807,0,35,40,42,57,39,43,43,37,33,41,39,53,34,35,34,39,0,51,42,50,39,42,37,37
2016072808,0,31,50,47,75,50,62,66,43,38,38,47,70,53,46,39,50,0,63,54,64,41,52,48,40
2016072809,0,50,78,33,76,71,49,79,51,48,56,51,76,62,61,63,68,0,81,52,69,42,65,60,39
2016072810,0,63,72,38,61,69,41,54,60,55,41,36,62,44,0,,62,0,64,33,51,49,53,39,46
2016072811,0,57,54,32,68,50,48,54,38,49,42,43,59,54,44,0,66,0,51,54,60,53,53,56,59
2016072812,0,60,50,48,53,53,51,43,39,55,51,40,51,50,42,0,60,0,48,53,47,51,55,57,46
2016072813,0,53,50,72,62,45,64,48,38,59,39,47,57,54,40,0,57,0,49,53,55,53,53,53,36
2016072814,0,54,54,67,66,46,73,55,42,55,58,51,58,89,82,0,76,0,49,67,55,63,54,72,57
2016072815,0,68,58,0,55,46,62,55,48,67,57,49,54,57,56,0,86,0,48,59,58,61,53,63,73
2016072816,0,50,53,0,64,39,55,51,44,62,47,47,50,67,0,,67,0,47,59,50,66,48,55,67
2016072817,57,52,61,71,63,38,76,56,47,78,73,57,70,80,49,60,83,0,64,84,0,70,58,93,54
2016072818,91,58,65,100,71,48,103,62,54,77,81,67,67,78,91,86,89,53,63,95,0,66,68,89,100
2016072819,105,95,52,88,76,60,99,63,48,59,59,67,70,91,97,85,68,68,61,102,63,71,62,85,67
2016072820,94,83,55,73,80,57,91,64,48,71,78,64,66,88,103,87,84,66,62,99,73,70,71,91,75
2016072821,103,87,68,84,71,60,95,56,56,80,81,64,68,80,95,83,94,80,67,119,71,75,66,89,89
2016072822,98,99,66,86,63,74,102,54,63,82,83,64,72,79,100,92,86,80,73,100,67,75,62,80,89
2016072823,109,86,73,81,76,71,97,56,64,77,95,63,76,78,92,83,93,83,83,99,70,72,70,82,79
2016072824,106,70,81,73,70,66,86,62,62,76,92,60,83,73,94,81,80,77,94,85,79,71,84,74,62
2016072901,92,63,92,68,72,70,69,61,72,94,84,69,91,66,58,67,83,66,93,76,76,72,90,75,64
2016072902,79,94,95,73,77,73,62,66,78,88,97,76,89,68,125,68,82,69,94,67,74,75,80,64,86
2016072903,77,86,103,72,58,79,54,83,87,82,88,74,83,70,44,72,76,67,90,59,74,80,85,68,76
2016072904,68,81,99,56,43,87,40,60,102,70,79,53,61,59,0,68,77,61,63,58,68,65,80,55,84
2016072905,91,71,61,42,66,84,73,47,105,56,38,50,46,39,39,63,42,67,69,63,67,44,64,37,78
2016072906,94,68,63,52,52,85,55,55,103,47,71,59,63,48,66,76,60,67,75,45,89,47,59,60,72
2016072907,87,77,91,64,100,85,79,69,104,61,76,104,96,68,97,75,85,68,88,91,109,67,83,78,71
2016072908,98,78,105,38,92,88,72,105,115,56,67,124,58,46,109,83,89,70,80,59,65,55,85,63,82
2016072909,49,13,53,30,60,28,34,82,66,34,12,80,25,13,19,11,30,22,48,10,24,14,38,4,
2016072910,61,28,32,35,42,24,38,33,27,24,3,64,40,19,43,33,15,24,70,33,42,5,26,19,15
2016072911,52,20,21,32,43,27,31,28,15,22,16,30,45,18,26,29,20,22,51,32,40,13,24,28,16
2016072912,31,18,24,37,32,29,31,23,25,20,27,24,41,29,0,25,34,25,0,33,33,28,34,29,20
2016072913,25,21,31,17,20,22,19,15,29,27,18,11,24,15,13,28,29,17,0,15,31,13,28,27,16
2016072914,14,15,17,0,11,18,12,8,22,22,16,4,15,18,7,20,13,12,7,3,12,8,18,11,13
2016072915,1,0,7,0,18,11,9,11,9,3,0,3,15,0,1,13,12,12,6,1,12,1,10,1,1
2016072916,5,12,8,8,18,13,12,12,3,3,2,7,18,11,9,15,14,7,13,8,16,8,11,16,8
2016072917,28,20,10,18,28,14,26,22,10,19,12,14,22,17,20,18,15,17,22,18,17,19,16,18,16
2016072918,28,23,13,35,40,18,41,25,14,25,23,21,31,25,0,31,31,13,27,50,22,36,18,27,33
2016072919,54,34,19,45,43,27,45,34,18,19,43,27,47,50,49,25,32,26,38,54,35,22,31,42,34
2016072920,47,33,28,45,52,39,46,40,21,28,52,30,57,40,52,42,42,32,45,63,55,39,48,53,50
2016072921,51,43,57,43,62,46,55,53,29,40,53,36,58,44,58,50,49,35,49,62,59,52,51,57,48
2016072922,61,41,48,51,65,46,59,61,33,37,41,41,69,61,59,55,57,36,53,68,68,51,61,60,39
2016072923,53,40,42,41,63,44,52,60,43,42,55,50,66,50,52,47,57,39,53,62,55,46,61,61,53
2016072924,76,41,49,43,64,0,53,57,56,39,42,50,66,46,50,43,57,37,53,45,57,54,58,52,45
2016073001,94,48,51,41,66,0,48,61,62,36,40,43,64,47,50,41,44,37,67,51,64,52,59,46,51
2016073002,75,57,62,46,53,59,48,53,61,45,61,40,60,39,47,48,47,39,64,46,62,50,60,44,58
2016073003,58,47,61,35,59,0,42,53,69,45,52,37,62,37,28,34,42,38,62,41,57,44,53,32,43
2016073004,61,59,67,39,62,0,47,60,74,44,49,51,72,42,62,35,45,46,71,46,66,37,66,40,48
2016073005,62,57,99,45,64,69,41,57,88,47,59,51,66,45,60,49,53,44,71,38,72,47,66,45,57
2016073006,59,48,90,33,58,0,37,62,86,50,48,51,60,37,56,52,40,41,61,39,65,37,60,29,52
2016073007,57,41,82,42,59,38,43,57,82,40,53,44,88,36,52,42,45,42,71,44,69,43,60,42,46
2016073008,67,46,72,37,57,0,33,54,83,40,40,34,63,40,17,46,38,46,64,39,60,33,58,37,41
2016073009,56,27,70,30,46,0,,47,58,38,24,30,49,33,0,22,42,33,56,17,48,38,57,23,23
2016073010,50,28,57,41,56,41,44,56,57,26,12,27,51,32,29,35,40,32,51,41,52,36,43,33,17
2016073011,50,31,54,43,62,40,44,64,40,45,36,36,55,47,54,44,39,31,56,46,51,40,45,42,29
2016073012,45,32,53,31,53,49,40,66,43,29,27,36,57,34,36,28,41,33,55,33,55,25,44,37,26
2016073013,59,37,59,0,52,49,0,52,39,35,48,34,59,48,66,51,63,46,52,32,53,33,50,43,36
2016073014,61,0,50,19,30,51,0,30,36,36,23,26,38,31,0,45,55,41,29,4,37,35,39,26,38
2016073015,57,34,30,0,30,44,15,30,26,28,5,24,26,29,0,29,52,35,23,22,28,42,29,18,15
2016073016,0,30,30,33,26,32,24,28,26,38,18,26,32,30,26,14,44,26,20,25,30,38,25,31,16
2016073017,0,29,30,36,37,29,36,31,26,37,41,30,32,60,33,24,46,30,25,35,34,37,33,48,35
2016073018,0,31,40,32,36,30,34,32,37,48,57,29,34,41,42,42,51,28,28,47,39,29,43,52,47
2016073019,0,51,49,33,47,32,49,33,39,55,28,31,32,29,42,43,56,29,30,52,36,41,36,28,65
2016073020,0,40,47,35,53,30,57,41,41,48,35,34,39,39,48,43,61,34,35,51,41,39,30,42,33
2016073021,0,44,38,41,49,31,52,41,39,42,46,36,40,42,52,31,50,28,35,56,37,55,37,56,45
2016073022,0,45,39,50,50,38,50,46,40,35,60,36,58,51,56,52,46,39,41,50,49,49,44,55,53
2016073023,0,49,44,44,47,42,53,50,43,31,40,39,42,45,51,54,54,42,48,50,47,48,38,43,54
2016073024,0,56,45,47,47,45,42,59,46,30,35,40,43,44,45,41,68,34,48,41,54,42,39,43,50
2016073101,0,40,44,45,39,44,42,63,44,49,24,40,46,43,48,44,48,38,49,46,52,40,42,40,48
2016073102,0,53,49,39,48,41,48,58,45,44,47,46,47,40,34,40,44,36,51,48,42,49,41,41,50
2016073103,0,54,48,38,61,36,52,58,47,37,47,41,55,43,56,29,50,30,57,45,62,47,42,39,43
2016073104,0,56,52,38,57,46,40,56,46,49,47,47,54,44,51,56,41,38,54,45,56,49,50,41,44
2016073105,0,51,54,45,59,48,45,57,48,43,36,43,59,43,40,39,55,37,59,43,59,40,50,45,48
2016073106,0,56,62,42,68,49,39,61,50,46,45,44,59,39,47,42,54,45,62,41,53,54,48,41,51
2016073107,0,57,52,38,67,53,47,64,51,39,52,49,58,37,43,38,47,43,73,49,55,40,50,38,45
2016073108,0,52,55,31,66,57,42,62,46,41,39,36,54,33,31,52,42,46,70,40,50,34,47,40,39
2016073109,0,53,55,31,54,53,26,57,47,45,31,27,56,37,19,27,47,52,65,24,46,26,55,41,48
2016073110,0,50,54,0,39,50,49,44,34,36,39,30,52,30,33,39,45,44,50,24,48,36,51,32,33
2016073111,0,27,55,0,42,45,58,39,35,38,25,26,45,41,26,31,47,36,42,20,36,37,43,36,23
2016073112,0,40,49,43,44,37,71,37,36,49,29,29,44,40,26,39,50,43,35,47,34,40,40,27,31
2016073113,0,36,43,46,36,36,76,36,39,40,33,33,44,44,29,36,55,38,35,31,36,38,39,47,31
2016073114,0,36,46,47,47,39,49,42,38,43,45,33,57,56,40,38,52,40,38,68,53,61,45,60,58
2016073115,0,57,47,30,30,42,27,24,44,51,45,29,34,37,42,55,64,46,25,17,42,35,44,32,47
2016073116,0,32,26,24,26,30,14,22,29,29,0,21,23,24,0,18,30,36,18,14,22,16,26,12,16
2016073117,0,48,21,27,25,22,34,18,24,26,35,19,28,33,45,38,29,21,22,40,29,24,27,31,30
2016073118,0,39,20,24,25,20,32,26,18,24,25,23,30,28,46,18,19,29,23,29,25,22,21,27,30
2016073119,0,37,24,18,30,22,26,26,16,28,30,21,28,30,59,36,25,18,28,37,32,26,24,26,28
2016073120,0,41,24,54,36,25,37,23,17,22,27,23,33,24,41,32,24,21,33,34,25,24,24,35,
2016073121,0,35,23,51,36,31,38,26,19,26,12,24,32,25,39,39,25,29,34,37,34,29,25,30,34
2016073122,0,37,26,45,31,37,38,30,23,22,14,24,26,27,40,35,27,38,37,46,38,24,23,25,34
2016073123,0,17,29,35,30,32,38,33,28,29,36,26,23,24,37,34,40,32,46,32,35,23,27,16,35
2016073124,0,36,34,42,30,34,34,35,34,30,31,26,25,27,25,31,40,36,40,32,40,34,32,25,35